ID,Reperto,Materiale,Altezza,Lunghezza,Larghezza,Spessore,Diametro,Stato di Conservazione,Descrizione,Note,Soggetto Iconografico,Cronologia,Nazione,Città,Status,Museo / Collezionista,# inv.,Data di Acquisizione,Modalità di Acquisizione
BE 001,Bottiglia,Vetro,20 cm,Missing Value,"8,6 cm",Missing Value,Missing Value,Ottimo,"Bottiglia monoansata, tipo Isings 50 b. Vetro traslucido; tonalità verdastra. Bollo circolare (in rilievo) sulla superficie esterna del fondo: P. GESSI AMPLIATI  ",Missing Value,Missing Value,1-79 d.C.,Belgio,Bruxelles,Pubblico,Musée Art & Histoire,A.509,1889,Trasferimento
CH 001,Rilievo,Peperino,"13,7 cm",Missing Value,Missing Value,Missing Value,Missing Value,Scarso,Frammento di rilievo in peperino raffigurante una testa femminile (dea?) che indossa un diadema,Missing Value,"Mitologico (?);
Umano (?)",1-79 d.C.,Svizzera,Ginevra,Pubblico,Musée d'art et d'histoire,C 1695,1910,Trasferimento
CH 002,Brocca (?),Bronzo,"14,2 cm",Missing Value,Missing Value,Missing Value,Missing Value,Scarso,"Ansa verticale pertinente a un vaso bronzeo di forma chiusa (brocca?), conformata a figura femminile (Nike?) indossante un lungo chitone, la quale è stante su un globo",Missing Value,Umano,1-79 d.C.,Svizzera,Ginevra,Pubblico,Musée d'art et d'histoire,C 1683,1910,Trasferimento
CH 003,Capitello,Marmo,16 cm,Missing Value,"16,5 cm",Missing Value,Missing Value,Discreto,"Frammento marmoreo decorato con foglie di acanto, pertinente a un capitello corinzio di un pilastro",Missing Value,Vegetale,1-79 d.C.,Svizzera,Ginevra,Pubblico,Musée d'art et d'histoire,C 1159,1910,Trasferimento
CH 004,Commestibile,Vegetale,Missing Value,Missing Value,Missing Value,Missing Value,Missing Value,Buono,Farina,Conservato dal 1863 in un flacone di vetro ,Missing Value,79 d.C.,Svizzera,Ginevra,Pubblico,Musée d'art et d'histoire,C 1933,1910,Trasferimento
CH 005,Lucerna,Argilla,"3,5 cm","7,2 cm","5,4 cm",Missing Value,Missing Value,Buono,"Lucerna fittile monolicne realizzata a matrice bivalve, tipo Loeschcke VIII. Rivestita da una vernice di colore arancio-rosso. La spalla è decorata a rilievo da una corona di mirto. Nessun bollo",Missing Value,Vegetale,41-79 d.C.,Svizzera,Ginevra,Pubblico,Musée d'art et d'histoire,C 1420,1910,Trasferimento
CH 006,Lucerna,Bronzo,"3,5 cm","11,5 cm",6 cm,Missing Value,Missing Value,Discreto,"Lucerna bronzea monolicne, tipo Loeschcke XXI",Missing Value,Missing Value,75-79 d.C.,Svizzera,Ginevra,Pubblico,Musée d'art et d'histoire,C 1829,1910,Trasferimento
DE 001,Situla,"Argento;
Oro","15,2 cm",Missing Value,Missing Value,Missing Value,Missing Value,Buono,Situla argentea con residui di doratura decorata mediante cesellatura con un'iconografia egiziana: due scene mostrano Iside o una sacerdotessa isiaca impegnata in cerimonie sacre,Missing Value,"Mitologico;
Animale",62-79 d.C.,Germania,Monaco di Baviera,Pubblico,Staatliches Museum Ägyptischer Kunst,Ant.WAF 512,1970,Trasferimento
DE 002,Cerniera,Osso,Missing Value,12 cm,Missing Value,Missing Value,"3,9 cm",Discreto,"Lunga cerniera di mobile cilindrica, in osso, con due fori circolari",Missing Value,Missing Value,1-79 d.C.,Germania,Berlino,Pubblico,Staatliche Museen zu Berlin - Antikensammlung,TC 2615,1830,Trasferimento
DE 003,Oinochoe,Argento,Missing Value,Missing Value,Missing Value,Missing Value,Missing Value,Buono,"Oinochoe argentea decorata, in bassorilievo, con Centauromachia; un fregio fitomorfo corre sul collo. L'ansa verticale è modellata con le due corna di Pan, la cui testa è raffigurata in altorilievo all'attaccatura inferiore",Missing Value,Mitologico,14-54 d.C.,Germania,Monaco di Baviera,Pubblico,Staatliche Antikensammlungen,515,1967,Trasferimento
DE 004,Cerniera,Osso,Missing Value,"12,5 cm",Missing Value,Missing Value,"3,1 cm",Discreto,"Lunga cerniera di mobile cilindrica, in osso, con due fori circolari",Missing Value,Missing Value,1-79 d.C.,Germania,Berlino,Pubblico,Staatliche Museen zu Berlin - Antikensammlung,Fr. 709,1830,Acquisto
DE 005,Vetro di Finestra,Vetro,Missing Value,"7,7 cm",Missing Value,Missing Value,Missing Value,Scarso,Frammento (rotto in due parti) di vetro di finestra,"Sulla scorta del registro inventariale di Berlino, Staatliche Museen zu Berlin - Antikensammlung, il vetro di finestra era inserito in una cornice bronzea adesso mancante  ",Missing Value,1-79 d.C.,Germania,Berlino,Pubblico,Staatliche Museen zu Berlin - Antikensammlung,TC 5963,1869,Acquisto
DE 006,Balsamario,Argilla,Missing Value,Missing Value,Missing Value,Missing Value,Missing Value,Discreto,Balsamario fusiforme di argilla,Mancante dell'orlo e di gran parte del collo,Missing Value,1-79 d.C.,Germania,Berlino,Pubblico,Staatliche Museen zu Berlin - Antikensammlung,TC 446,1830,Trasferimento
DE 007,Pittura Murale,Intonaco,"61,8 cm",Missing Value,"57,3 cm",Missing Value,Missing Value,Buono,Pittura murale in Quarto Stile. Scena teatrale (commedia) in uno spazio al chiuso con tre figure mascherate: due personaggi maschili a sinistra – quello verso il centro tiene un bastone ricurvo – e un personaggio femminile a destra – il quale ha una capigliatura a mo' di turbante –     ,"In prestito a lungo termine a Bonn, Akademisches Kunstmuseum - Antikensammlung der Universität Bonn dal 1921 da parte del Verein von Altertumsfreunden im Rheinlande, un'associazione che sostiene l'LVR-LandesMuseum Bonn  ",Umano,50-79 d.C.,Germania,Bonn,Pubblico,LVR-LandesMuseum Bonn,B 279,1870-1871,Dono
DE 008,Imbuto,Bronzo,"11,7 cm",Missing Value,Missing Value,Missing Value,8 cm,Buono,"Imbuto bronzeo, tipo Tassinari R1220, con cerchi concentrici incisi sulla superficie esterna della vasca",Missing Value,Missing Value,1-79 d.C.,Germania,Berlino,Pubblico,Staatliche Museen zu Berlin - Antikensammlung,Fr. 587,1830,Trasferimento
DE 009,Lanterna,Bronzo,16 cm,Missing Value,Missing Value,Missing Value,12 cm,Buono,"Lanterna cilindrica in bronzo, la cui base è un disco rotondo piano con corti piedi a pomello. Due supporti verticali, fissati al bordo esterno della base, collegano giustappunto la base al coperchio. Quest'ultimo – mobile, agganciato all'ansa da una serie di catene – reca alcuni ritagli di aerazione a forma di freccia e di cerchio",La lanterna è presumibilmente connessa con il bruciatore RU 004 ,Missing Value,1-79 d.C.,Germania,Berlino,Pubblico,Staatliche Museen zu Berlin - Antikensammlung,Fr. 759,1830,Trasferimento
DE 010,Bilancia,Bronzo,Missing Value,"37,2 cm",Missing Value,Missing Value,Missing Value,Buono,Bilancia bronzea con giogo tubolare e gancio desinente in una protome di cigno. Lo strumento ha due coppe di pesatura e un piccolo contrappeso,Missing Value,Animale,1-79 d.C.,Germania,Berlino,Pubblico,Staatliche Museen zu Berlin - Antikensammlung,Fr. 891,1830,Trasferimento
DE 011,Balsamario,Bronzo,"10,5 cm",Missing Value,Missing Value,Missing Value,Missing Value,Buono,"Balsamario bronzeo conformato a ghianda, con filo di sospensione",Missing Value,Missing Value,1-79 d.C.,Germania,Berlino,Pubblico,Staatliche Museen zu Berlin - Antikensammlung,Fr. 931,1830,Trasferimento
DE 012,Copertura di Tubo,Bronzo,Missing Value,4 cm,Missing Value,Missing Value,"2,3 cm",Buono,Copertura di tubo in bronzo,"Pertinente a uno strumento medico.
Connesso con DE 013",Missing Value,1-79 d.C.,Germania,Berlino,Pubblico,Staatliche Museen zu Berlin - Antikensammlung,Fr. 1266 a,1830,Trasferimento
DE 013,Copertura di Tubo,Bronzo,Missing Value,"3,9 cm",Missing Value,Missing Value,"2,3 cm",Discreto,Copertura di tubo in bronzo,"Pertinente a uno strumento medico.
Connesso con DE 012",Missing Value,1-79 d.C.,Germania,Berlino,Pubblico,Staatliche Museen zu Berlin - Antikensammlung,Fr. 1266 b,1830,Trasferimento
DE 014,Gamba di Letto (?),Bronzo,"12,5 cm",Missing Value,"9,3 cm",Missing Value,Missing Value,Discreto,"Gamba di letto (?) in bronzo, grosso modo troncopiramidale",Missing Value,Missing Value,1-79 d.C.,Germania,Berlino,Pubblico,Staatliche Museen zu Berlin - Antikensammlung,Fr. 1540 b,1830,Trasferimento
DE 015,Gamba di Letto (?),Bronzo,"13,2 cm",Missing Value,"9,6 cm",Missing Value,Missing Value,Discreto,"Gamba di letto (?) in bronzo, grosso modo troncopiramidale",Missing Value,Missing Value,1-79 d.C.,Germania,Berlino,Pubblico,Staatliche Museen zu Berlin - Antikensammlung,Fr. 1540 c,1830,Trasferimento
DE 016,Cerniera,Bronzo,Missing Value,"33,5 cm",Missing Value,Missing Value,Missing Value,Buono,"Cerniera di porta, in bronzo, con quattro fori circolari",Missing Value,Missing Value,1-79 d.C.,Germania,Berlino,Pubblico,Staatliche Museen zu Berlin - Antikensammlung,Fr. 1541,1830,Trasferimento
DE 017,Cerniera,Bronzo,Missing Value,"35,2 cm",Missing Value,Missing Value,Missing Value,Buono,"Cerniera di porta, in bronzo, con quattro fori circolari",Missing Value,Missing Value,1-79 d.C.,Germania,Berlino,Pubblico,Staatliche Museen zu Berlin - Antikensammlung,Fr. 1542,1830,Trasferimento
DE 018,Cerniera,Bronzo,Missing Value,"35,9 cm",Missing Value,Missing Value,Missing Value,Buono,"Cerniera di porta, in bronzo, con quattro fori circolari",Missing Value,Missing Value,1-79 d.C.,Germania,Berlino,Pubblico,Staatliche Museen zu Berlin - Antikensammlung,Fr. 1543,1830,Trasferimento
DE 019,Statua (?),Bronzo,Missing Value,"13,3 cm","6,3 cm",Missing Value,Missing Value,Scarso,"Elemento di decorazione a forma di fiore, pertinente a una statua bronzea (?)",Missing Value,Missing Value,1-79 d.C.,Germania,Berlino,Pubblico,Staatliche Museen zu Berlin - Antikensammlung,Fr. 1557 b,1830,Trasferimento
DE 020,Catino,Bronzo,12 cm,"43,5 cm",Missing Value,Missing Value,Missing Value,Buono,"Catino bronzeo, tipo Tassinari T1000, non ansato",Missing Value,Missing Value,1-79 d.C.,Germania,Berlino,Pubblico,Staatliche Museen zu Berlin - Antikensammlung,Fr. 1579,1830,Trasferimento
DE 021,Pentola,Bronzo,16 cm,Missing Value,Missing Value,Missing Value,"30,5 cm",Buono,"Pentola bronzea, tipo Tassinari U2120",Missing Value,Missing Value,1-79 d.C.,Germania,Berlino,Pubblico,Staatliche Museen zu Berlin - Antikensammlung,Fr. 1615,1830,Trasferimento
DE 022,Pentola,Bronzo,"13,8 cm",Missing Value,Missing Value,Missing Value,"23,5 cm",Discreto,"Pentola bronzea, tipo Tassinari U2120",Missing Value,Missing Value,1-79 d.C.,Germania,Berlino,Pubblico,Staatliche Museen zu Berlin - Antikensammlung,Fr. 1616,1830,Trasferimento
DE 023,Aryballos,Bronzo,"9,1 cm",Missing Value,Missing Value,Missing Value,Missing Value,Buono,"Aryballos bronzeo, tipo Tassinari F2110",Missing Value,Missing Value,1-79 d.C.,Germania,Berlino,Pubblico,Staatliche Museen zu Berlin - Antikensammlung,Fr. 1639,1830,Trasferimento
DE 024,Fibula,Bronzo,Missing Value,"17,3 cm",Missing Value,Missing Value,Missing Value,Discreto,Fibula a navicella in bronzo con motivo geometrico inciso sulla superficie esterna dell'arco,"In prestito a lungo termine a Kiel, Antikensammlung - Kunsthalle zu Kiel dal 1896",Geometrico,725-700 a.C.,Germania,Berlino,Pubblico,Staatliche Museen zu Berlin - Antikensammlung,Fr. 250 a,1830,Dono
DE 025,Fibula,Bronzo,Missing Value,"7,1 cm",Missing Value,Missing Value,Missing Value,Buono,"Fibula ad arco di violino in bronzo, con arco attorcigliato",Missing Value,Missing Value,700-500 a.C.,Germania,Berlino,Pubblico,Staatliche Museen zu Berlin - Antikensammlung,Fr. 311 e,1844,Acquisto
DE 026,Fibula,Bronzo,Missing Value,"13,3 cm",Missing Value,Missing Value,Missing Value,Discreto,Fibula a navicella in bronzo con motivo geometrico inciso sulla superficie esterna dell'arco,Missing Value,Geometrico,725-700 a.C.,Germania,Berlino,Pubblico,Staatliche Museen zu Berlin - Antikensammlung,Fr. 250 c,1830,Dono
DE 027,Fibula,Bronzo,Missing Value,"10,3 cm",Missing Value,Missing Value,Missing Value,Discreto,Fibula a navicella romboide in bronzo con un bottone a entrambi i margini laterali dell'arco,"In prestito a lungo termine a Kiel, Antikensammlung - Kunsthalle zu Kiel dal 1896",Missing Value,800-600 a.C.,Germania,Berlino,Pubblico,Staatliche Museen zu Berlin - Antikensammlung,Fr. 252 a,1830,Dono
DE 028,Collana,Bronzo,Missing Value,47 cm,Missing Value,Missing Value,Missing Value,Buono,Collana bronzea attorcigliata,Missing Value,Missing Value,700-500 a.C.,Germania,Berlino,Pubblico,Staatliche Museen zu Berlin - Antikensammlung,Fr. 527,1844,Dono
DE 029,Fibula,Bronzo,Missing Value,"8,3 cm",Missing Value,Missing Value,Missing Value,Buono,Fibula bronzea a doppia spirale,Missing Value,Missing Value,800-600 a.C.,Germania,Berlino,Pubblico,Staatliche Museen zu Berlin - Antikensammlung,Fr. 356,1830,Dono
DE 030,Fibula,Bronzo,Missing Value,"9,9 cm",Missing Value,Missing Value,Missing Value,Discreto,Una spirale bronzea pertinente a una fibula spiraliforme ,Missing Value,Missing Value,800-600 a.C.,Germania,Berlino,Pubblico,Staatliche Museen zu Berlin - Antikensammlung,Fr. 359 a,1830,Dono
DE 031,Bracciale,Bronzo,Missing Value,Missing Value,Missing Value,Missing Value,"9,2 cm",Ottimo,Bracciale bronzeo costituito da una verga tubolare arrotolata in sei giri e terminante in una spirale ,Missing Value,Missing Value,1-79 d.C.,Germania,Berlino,Pubblico,Staatliche Museen zu Berlin - Antikensammlung,Fr. 477,1830,Dono
DE 032,Bracciale,Bronzo,Missing Value,Missing Value,Missing Value,Missing Value,"8,8 cm",Ottimo,Bracciale bronzeo costituito da una verga tubolare arrotolata in sei giri e terminante in una spirale ,Missing Value,Missing Value,1-79 d.C.,Germania,Berlino,Pubblico,Staatliche Museen zu Berlin - Antikensammlung,Fr. 478,1830,Dono
DE 033,Stilo,Bronzo,Missing Value,13 cm,Missing Value,Missing Value,Missing Value,Buono,Stilo bronzeo,Missing Value,Missing Value,1-79 d.C.,Germania,Berlino,Pubblico,Staatliche Museen zu Berlin - Antikensammlung,Fr. 563,1830,Dono
DE 034,Campana,Bronzo,"5,3 cm",Missing Value,Missing Value,Missing Value,Missing Value,Buono,Campana bronzea di forma troncopiramidale. Ampio foro di sospensione in alto ,Missing Value,Missing Value,1-79 d.C.,Germania,Berlino,Pubblico,Staatliche Museen zu Berlin - Antikensammlung,Fr. 999,1830,Dono
DE 035,Spatola,Bronzo,Missing Value,"8,2 cm",Missing Value,Missing Value,Missing Value,Buono,Spatola bronzea con ansa attorcigliata,Strumento medico,Missing Value,1-79 d.C.,Germania,Berlino,Pubblico,Staatliche Museen zu Berlin - Antikensammlung,Fr. 1244,1830,Dono
DE 036,Pugnale,Bronzo,Missing Value,"11,7 cm",Missing Value,Missing Value,Missing Value,Discreto,Lama di pugnale in bronzo con un chiodo di fissaggio,Missing Value,Missing Value,1-79 d.C.,Germania,Berlino,Pubblico,Staatliche Museen zu Berlin - Antikensammlung,Fr. 1159,1830,Dono
DE 037,Mazza,Bronzo,"6,5 cm",Missing Value,"3,5 cm",Missing Value,Missing Value,Discreto,Testa di mazza chiodata in bronzo,Missing Value,Missing Value,1-79 d.C.,Germania,Berlino,Pubblico,Staatliche Museen zu Berlin - Antikensammlung,Fr. 1160,1830,Dono
DE 038,Scalpello,Ferro,Missing Value,"17,5 cm",Missing Value,Missing Value,Missing Value,Buono,Scalpello in ferro,Missing Value,Missing Value,1-79 d.C.,Germania,Berlino,Pubblico,Staatliche Museen zu Berlin - Antikensammlung,Fr. 1208 i,1830,Dono
DE 039,Sigillo,Bronzo,Missing Value,"5,5 cm",2 cm,Missing Value,Missing Value,Buono,"Signaculum ex aere, lamina tipo Baratta 1b: rettangolo a spigoli smussati, con listello perimetrale. Iscrizione latina su due linee: M STRON / FAVORI ",Missing Value,Missing Value,1-79 d.C.,Germania,Berlino,Pubblico,Staatliche Museen zu Berlin - Antikensammlung,Fr. 1221 g,1830,Dono
DE 040,Pendente,Bronzo,Missing Value,"11,7 cm",Missing Value,Missing Value,Missing Value,Buono,Pendente bronzeo a forma di verga sagomata con decorazioni a bottone; in basso è una sorta di corona,Missing Value,Missing Value,1-79 d.C.,Germania,Berlino,Pubblico,Staatliche Museen zu Berlin - Antikensammlung,Fr. 1779 q,1830,Dono
DE 041,Strigile,Bronzo,Missing Value,"14,6 cm",Missing Value,Missing Value,Missing Value,Discreto,Frammento di strigile bronzeo con incisione di alcune tacche e spirali puntinate,Missing Value,Missing Value,1-79 d.C.,Germania,Berlino,Pubblico,Staatliche Museen zu Berlin - Antikensammlung,Fr. 230 b,1844,Acquisto
DE 042,Fibula,Bronzo,Missing Value,"13,5 cm",Missing Value,Missing Value,Missing Value,Ottimo,Fibula bronzea a doppia spirale (un elemento a otto unisce le spirali),Missing Value,Missing Value,700-500 a.C.,Germania,Berlino,Pubblico,Staatliche Museen zu Berlin - Antikensammlung,Fr. 357,1844,Acquisto
DE 043,Bracciale,Bronzo,Missing Value,Missing Value,Missing Value,Missing Value,"6,4 cm",Buono,Bracciale bronzeo costituito da una verga tubolare arrotolata in tre giri e terminante in una spirale ,Missing Value,Missing Value,700-500 a.C.,Germania,Berlino,Pubblico,Staatliche Museen zu Berlin - Antikensammlung,Fr. 481,1844,Acquisto
DE 044,Cerniera,Bronzo,Missing Value,"6,3 cm",Missing Value,Missing Value,Missing Value,Buono,"Cerniera di porta, in bronzo, con cinque fori subcircolari",Missing Value,Missing Value,1-79 d.C.,Germania,Berlino,Pubblico,Staatliche Museen zu Berlin - Antikensammlung,Fr. 780,1844,Acquisto
DE 045,Chiave,Bronzo,Missing Value,"7,6 cm",Missing Value,Missing Value,Missing Value,Ottimo,Chiave bronzea,Missing Value,Missing Value,1-79 d.C.,Germania,Berlino,Pubblico,Staatliche Museen zu Berlin - Antikensammlung,Fr. 798,1844,Acquisto
DE 046,Chiave,Bronzo,2 cm,Missing Value,"2,4 cm",Missing Value,Missing Value,Buono,"Chiave per scrigno, in bronzo, con anello da dito",Missing Value,Missing Value,1-79 d.C.,Germania,Berlino,Pubblico,Staatliche Museen zu Berlin - Antikensammlung,Fr. 814,1844,Acquisto
DE 047,Chiave,Bronzo,"1,9 cm",Missing Value,2 cm,Missing Value,Missing Value,Buono,"Chiave per scrigno, in bronzo, con anello da dito",Missing Value,Missing Value,1-79 d.C.,Germania,Berlino,Pubblico,Staatliche Museen zu Berlin - Antikensammlung,Fr. 834,1844,Acquisto
DE 048,Chiave,Bronzo,Missing Value,"6,2 cm",Missing Value,Missing Value,Missing Value,Buono,Chiave bronzea,Missing Value,Missing Value,1-79 d.C.,Germania,Berlino,Pubblico,Staatliche Museen zu Berlin - Antikensammlung,Fr. 860,1844,Acquisto
DE 049,Campana,Bronzo,"2,7 cm",Missing Value,"2,4 cm",Missing Value,Missing Value,Buono,Campana emisferica in bronzo con maniglia di filo,Strumento musicale,Missing Value,1-79 d.C.,Germania,Berlino,Pubblico,Staatliche Museen zu Berlin - Antikensammlung,Fr. 988,1844,Acquisto
DE 050,Sonaglio,Bronzo,Missing Value,Missing Value,Missing Value,Missing Value,"6,9 cm",Buono,Sonaglio bronzeo composto da un anello grande in cui sono inseriti sei anelli piccoli,Strumento musicale,Missing Value,1-79 d.C.,Germania,Berlino,Pubblico,Staatliche Museen zu Berlin - Antikensammlung,Fr. 1007,1844,Acquisto
DE 051,Briglia,Bronzo,"2,7 cm",Missing Value,"3,2 cm",Missing Value,Missing Value,Discreto,"Filare di tre dischi puntuti, pezzo bronzeo di una briglia",Missing Value,Missing Value,1-79 d.C.,Germania,Berlino,Pubblico,Staatliche Museen zu Berlin - Antikensammlung,Fr. 1174,1844,Acquisto
DE 052,Amuleto,Bronzo,"2,4 cm",Missing Value,Missing Value,Missing Value,Missing Value,Buono,Amuleto bronzeo rappresentante una figura maschile con le braccia conserte sul petto,Missing Value,Umano (?),1-79 d.C.,Germania,Berlino,Pubblico,Staatliche Museen zu Berlin - Antikensammlung,Fr. 1339 d,1844,Acquisto
DE 053,Amuleto,Bronzo,"2,1 cm",Missing Value,Missing Value,Missing Value,Missing Value,Discreto,Amuleto bronzeo rappresentante Arpocrate,Missing Value,Mitologico,1-79 d.C.,Germania,Berlino,Pubblico,Staatliche Museen zu Berlin - Antikensammlung,Fr. 1339 e,1844,Acquisto
DE 054,Aiuto al Rilascio,Bronzo,"2,7 cm","6,4 cm",Missing Value,Missing Value,Missing Value,Buono,"Aiuto al rilascio per arco, in bronzo",Missing Value,Missing Value,1-79 d.C.,Germania,Berlino,Pubblico,Staatliche Museen zu Berlin - Antikensammlung,Fr. 1662,1844,Acquisto
DE 055,Catena,Bronzo,Missing Value,Missing Value,"2,9 cm",Missing Value,Missing Value,Discreto,"Cinque anelli bronzei incastrati, parte di una catena",Missing Value,Missing Value,1-79 d.C.,Germania,Berlino,Pubblico,Staatliche Museen zu Berlin - Antikensammlung,Fr. 1764 a,1844,Acquisto
DE 056,Ago Crinale,Bronzo,Missing Value,"3,4 cm",Missing Value,Missing Value,Missing Value,Discreto,Ago crinale bronzeo con testa ottaedrica,Missing Value,Missing Value,1-79 d.C.,Germania,Berlino,Pubblico,Staatliche Museen zu Berlin - Antikensammlung,Fr. 1768,1844,Acquisto
DE 057,Pendente (?),Bronzo,Missing Value,"10,4 cm",Missing Value,Missing Value,Missing Value,Buono,Pendente (?) bronzeo conformato come una sorta di pinze tenute chiuse da un cursore conformato come una sorta di martello,Missing Value,Oggetto (?),1-79 d.C.,Germania,Berlino,Pubblico,Staatliche Museen zu Berlin - Antikensammlung,Fr. 1779 k,1844,Acquisto
DE 058,Dado,Bronzo,"1,4 cm","1,4 cm","1,4 cm",Missing Value,Missing Value,Buono,Dado bronzeo; numeri contrassegnati da rings-and-dots incisi,Missing Value,Missing Value,1-79 d.C.,Germania,Berlino,Pubblico,Staatliche Museen zu Berlin - Antikensammlung,Fr. 1779 i,1844,Acquisto
DE 059,Calamaio,Bronzo,Missing Value,Missing Value,"8,7 cm",Missing Value,Missing Value,Buono,Calamaio bronzeo con corpo sagomato; coperchio con presa a pomello,Missing Value,Missing Value,1-79 d.C.,Germania,Berlino,Pubblico,Staatliche Museen zu Berlin - Antikensammlung,Fr. 566,1869,Acquisto
DE 060,Bilancia,Bronzo,Missing Value,Missing Value,Missing Value,Missing Value,8,Discreto,"Piatto di pesatura, in bronzo, con quattro fori",Missing Value,Missing Value,1-79 d.C.,Germania,Berlino,Pubblico,Staatliche Museen zu Berlin - Antikensammlung,Fr. 907,1869,Acquisto
DE 061,Peso,Marmo,"5,6 cm",Missing Value,"8,1 cm",Missing Value,Missing Value,Buono,Peso in marmo nero contrassegnato da otto punti incisi sulla superficie superiore,Missing Value,Missing Value,1-79 d.C.,Germania,Berlino,Pubblico,Staatliche Museen zu Berlin - Antikensammlung,Fr. 938,1869,Acquisto
DE 062,Peso,Bronzo,"7,5 cm",Missing Value,"3,8 cm",Missing Value,Missing Value,Buono,Peso bronzeo conformato a ghianda con foro di sospensione,Missing Value,Missing Value,1-79 d.C.,Germania,Berlino,Pubblico,Staatliche Museen zu Berlin - Antikensammlung,Fr. 1200,1869,Acquisto
DE 063,Becco (?),Bronzo,"13,8 cm",Missing Value,"9,7 cm",Missing Value,Missing Value,Buono,Becco (?) troncoconico in bronzo con due rostri,Missing Value,Missing Value,1-79 d.C.,Germania,Berlino,Pubblico,Staatliche Museen zu Berlin - Antikensammlung,Fr. 1536,1869,Acquisto
DE 064,Maniglia di Porta,Bronzo,Missing Value,"43,6 cm","5,4 cm",Missing Value,Missing Value,Ottimo,"Maniglia di porta, in bronzo, con decorazione fitomorfa, fissata a una lastra sottile",Cfr. DE 065,Vegetale,1-79 d.C.,Germania,Berlino,Pubblico,Staatliche Museen zu Berlin - Antikensammlung,Fr. 1549,1869,Acquisto
DE 065,Maniglia di Porta,Bronzo,Missing Value,"51,2 cm",Missing Value,Missing Value,Missing Value,Buono,"Maniglia di porta, in bronzo, con decorazione fitomorfa, fissata a una lastra sottile",Cfr. DE 064,Vegetale,1-79 d.C.,Germania,Berlino,Pubblico,Staatliche Museen zu Berlin - Antikensammlung,Fr. 1550,1869,Acquisto
DE 066,Applique,Bronzo,Missing Value,Missing Value,"5,2 cm",Missing Value,Missing Value,Buono,"Applique bronzea a forma di disco, fiancheggiato da una foglia e due occhielli ",Missing Value,Vegetale,1-79 d.C.,Germania,Berlino,Pubblico,Staatliche Museen zu Berlin - Antikensammlung,Fr. 1552 p,1864,Acquisto
DE 067,Testiera,Bronzo,Missing Value,11 cm,"7,5 cm",Missing Value,Missing Value,Scarso,"Protome bronzea di cigno con collo ricurvo, pertinente a una testiera (fulcrum) di un letto (kline) ",Missing Value,Animale,1-79 d.C.,Germania,Berlino,Pubblico,Staatliche Museen zu Berlin - Antikensammlung,Fr. 2317 b,1869,Acquisto
DE 068,Peso,"Bronzo;
Piombo",10 cm,"12,5 cm",Missing Value,Missing Value,Missing Value,Buono,"Peso a calotta sferica, in bronzo con anima in piombo, avente in alto un'ansa mobile",Missing Value,Missing Value,1-79 d.C.,Germania,Berlino,Pubblico,Staatliche Museen zu Berlin - Antikensammlung,Fr. 945,1859,Acquisto
DE 069,Candelabro,Bronzo,"51,3 cm",Missing Value,Missing Value,Missing Value,Missing Value,Buono,"Candelabro bronzeo con fusto scanalato retto da tre piedi conformati a zampe leonine con una foglia sopra ognuna di esse; nella parte superiore, un plateau campaniforme ",Mancante di un piede,"Animale;
Vegetale",1-79 d.C.,Germania,Berlino,Pubblico,Staatliche Museen zu Berlin - Antikensammlung,Fr. 709,1830,Acquisto
DE 070,Orecchino,Oro,"2,1 cm","2,3 cm","2,2 cm",Missing Value,Missing Value,Buono,Orecchino aureo a spicchio di sfera liscia ,Appaiato con DE 071,Missing Value,1-79 d.C.,Germania,Berlino,Pubblico,Staatliche Museen zu Berlin - Antikensammlung,G.I. 209,1865,Acquisto
DE 071,Orecchino,Oro,"2,1 cm","2,3 cm","2,2 cm",Missing Value,Missing Value,Discreto,Orecchino aureo a spicchio di sfera liscia ,Appaiato con DE 070,Missing Value,1-79 d.C.,Germania,Berlino,Pubblico,Staatliche Museen zu Berlin - Antikensammlung,G.I. 210,1865,Acquisto
DE 072,Zappa,Ferro,Missing Value,21 cm,Missing Value,Missing Value,Missing Value,Discreto,Zappa in ferro con lama cuoriforme,Missing Value,Missing Value,1-79 d.C.,Germania,Berlino,Pubblico,Staatliche Museen zu Berlin - Antikensammlung,Fr. 1779 v,1830,Dono
DE 073,Brocca,Bronzo,"15,1 cm",Missing Value,Missing Value,Missing Value,Missing Value,Discreto,Brocca bronzea con orlo trilobato; un'ansa verticale a bastoncello,Missing Value,Missing Value,1-79 d.C.,Germania,Berlino,Pubblico,Staatliche Museen zu Berlin - Antikensammlung,31718 a,1938 (?),Trasferimento
DE 074,Bacile,Bronzo,12 cm,Missing Value,Missing Value,Missing Value,35 cm,Buono,"Bacile bronzeo, tipo Tassinari S4121a, con due anse orizzontali a bastoncello rialzato; su entrambi i lati di ognuna di esse è una decorazione zoomorfa in bassorilievo",Missing Value,Animale,1-79 d.C.,Germania,Berlino,Pubblico,Staatliche Museen zu Berlin - Antikensammlung,31718 b,1938 (?),Trasferimento
DE 075,Lucerna,Argilla,"2,9 cm","11,5 cm","7,1 cm",Missing Value,Missing Value,Discreto,"Lucerna fittile monolicne realizzata a matrice bivalve, tipo c/o Loeschcke I A. Tracce di vernice marrone. Il disco è decorato con Leda e il cigno; l'ampia ansa piatta è decorata sulla faccia superiore con una palmetta. Bollo (in rilievo) sulla superficie esterna del fondo: ΟΕΔΣΟΣ. Residui di un marchio precedente: [---]ΟΩΛ[---] ",Missing Value,Mitologico,27 a.C. - 37 d.C.,Germania,Berlino,Pubblico,Staatliche Museen zu Berlin - Antikensammlung,TC 968,1830,Trasferimento
DE 076,Specchio,Bronzo,"20,9 cm",Missing Value,"11,7 cm",Missing Value,Missing Value,Discreto,Specchio bronzeo,Missing Value,Missing Value,1-79 d.C.,Germania,Berlino,Pubblico,Staatliche Museen zu Berlin - Antikensammlung,Fr. 191,1830,Trasferimento
DE 077,Pinzetta,Bronzo,Missing Value,"8,9 cm",Missing Value,Missing Value,Missing Value,Buono,Pinzetta bronzea,Strumento da toeletta,Missing Value,1-79 d.C.,Germania,Berlino,Pubblico,Staatliche Museen zu Berlin - Antikensammlung,Fr. 238,1844,Acquisto
DE 078,Ago Crinale,Bronzo,Missing Value,Missing Value,"8,4 cm",Missing Value,Missing Value,Buono,Ago crinale bronzeo con cruna circolare e testa sferica,Missing Value,Missing Value,1-79 d.C.,Germania,Berlino,Pubblico,Staatliche Museen zu Berlin - Antikensammlung,Fr. 245,1844,Acquisto
DE 079,Pettine,Bronzo,Missing Value,"2,9 cm","5,8 cm",Missing Value,Missing Value,Buono,Pettine bronzeo con marchio indistinto (lupa capitolina?),Missing Value,Animale (?),1-79 d.C.,Germania,Berlino,Pubblico,Staatliche Museen zu Berlin - Antikensammlung,Fr. 249 l,1843,Missing Value
DE 080,Lanterna,Bronzo,"2,3 cm",Missing Value,Missing Value,Missing Value,"4,4 cm",Scarso,Bruciatore bronzeo appartenente a una lanterna,Missing Value,Missing Value,1-79 d.C.,Germania,Berlino,Pubblico,Staatliche Museen zu Berlin - Antikensammlung,Fr. 760,1830,Acquisto
DE 081,Cerniera,Bronzo,Missing Value,"9,5 cm",Missing Value,Missing Value,Missing Value,Buono,"Cerniera di porta, in bronzo, con cinque fori subtriangolari",Missing Value,Missing Value,1-79 d.C.,Germania,Berlino,Pubblico,Staatliche Museen zu Berlin - Antikensammlung,Fr. 778,1830,Dono
DE 082,Briglia,Bronzo,"7,1 cm",Missing Value,5 cm,Missing Value,Missing Value,Buono,"Pendente a lunula, pezzo bronzeo di una briglia",Missing Value,Missing Value,1-79 d.C.,Germania,Berlino,Pubblico,Staatliche Museen zu Berlin - Antikensammlung,Fr. 1307 b,1844,Acquisto
DE 083,Coppa (?),Bronzo,Missing Value,"6,7 cm",Missing Value,Missing Value,Missing Value,Scarso,Ansa bronzea ritorta di una coppa (?),Missing Value,Missing Value,1-79 d.C.,Germania,Berlino,Pubblico,Staatliche Museen zu Berlin - Antikensammlung,Fr. 1400,1844,Acquisto
DE 084,Applique,Bronzo,Missing Value,"2,7 cm","2,4 cm",Missing Value,Missing Value,Discreto,Applique bronzea rappresentante una palmetta,Missing Value,Vegetale,1-79 d.C.,Germania,Berlino,Pubblico,Staatliche Museen zu Berlin - Antikensammlung,Fr. 1472 a 9,1844,Acquisto
DE 085,Coltello,Bronzo,Missing Value,"7,8 cm",Missing Value,Missing Value,Missing Value,Discreto,"Manico di coltello, in bronzo, terminante in una protome di ariete",Missing Value,Animale,1-79 d.C.,Germania,Berlino,Pubblico,Staatliche Museen zu Berlin - Antikensammlung,Fr. 1482,1844,Acquisto
DE 086,Coperchio (?),Bronzo,Missing Value,Missing Value,Missing Value,Missing Value,"10,8 cm",Scarso,Coperchio (?) bronzeo con presa a pomello,Missing Value,Missing Value,1-79 d.C.,Germania,Berlino,Pubblico,Staatliche Museen zu Berlin - Antikensammlung,Fr. 1490 d,1830,Dono
DE 087,Candelabro,Bronzo,"5,4 cm","8,1 cm",Missing Value,Missing Value,Missing Value,Scarso,Piede bronzeo conformato a zampa leonina appartenente a un candelabro,Missing Value,Animale,1-79 d.C.,Germania,Berlino,Pubblico,Staatliche Museen zu Berlin - Antikensammlung,Fr. 1492,1844,Acquisto
DE 088,Mobile,Bronzo,"5,2 cm",Missing Value,11 cm,Missing Value,Missing Value,Scarso,"Piede bronzeo conformato a zampa leonina, fiancheggiato in alto da volute, appartenente a un mobile",Missing Value,Animale,1-79 d.C.,Germania,Berlino,Pubblico,Staatliche Museen zu Berlin - Antikensammlung,Fr. 1502,1830,Dono
DE 089,Statua (?),Bronzo,Missing Value,"4,5 cm",Missing Value,Missing Value,Missing Value,Discreto,Larga foglia rotonda in bronzo,Missing Value,Vegetale,1-79 d.C.,Germania,Berlino,Pubblico,Staatliche Museen zu Berlin - Antikensammlung,Fr. 1552 i,1844,Acquisto
DE 090,Applique,Bronzo,Missing Value,5 cm,"4,9 cm",Missing Value,Missing Value,Buono,Applique bronzea rappresentante una foglia,Missing Value,Vegetale,1-79 d.C.,Germania,Berlino,Pubblico,Staatliche Museen zu Berlin - Antikensammlung,Fr. 1552 m,1844,Acquisto
DE 091,Bacile,Bronzo,"10,5 cm",Missing Value,Missing Value,Missing Value,"34,6 cm",Buono,"Bacile bronzeo, tipo Tassinari S1130, non ansato",Missing Value,Missing Value,1-79 d.C.,Germania,Berlino,Pubblico,Staatliche Museen zu Berlin - Antikensammlung,Fr. 1577,1830,Trasferimento
DE 092,Anelli,Bronzo,Missing Value,Missing Value,Missing Value,Missing Value,Missing Value,Buono,"Tre anelli in bronzo: quello più grande è costolato, quello medio è liscio, quello più piccolo è zigrinato  ",Missing Value,Missing Value,1-79 d.C.,Germania,Berlino,Pubblico,Staatliche Museen zu Berlin - Antikensammlung,Fr. 1747,1844,Acquisto
DE 093,Battenti,Bronzo,Missing Value,"7,3 cm",Missing Value,Missing Value,Missing Value,Discreto,Una coppia di battenti di porta in bronzo,Missing Value,Missing Value,1-79 d.C.,Germania,Berlino,Pubblico,Staatliche Museen zu Berlin - Antikensammlung,Fr. 1779 a 5,1844,Acquisto
DE 094,Statuetta,Bronzo,"11,7 cm",Missing Value,Missing Value,Missing Value,Missing Value,Buono,"Statuetta bronzea raffigurante un Ercole nudo, il quale regge una clava nella mano destra",Missing Value,Missing Value,1-79 d.C.,Germania,Berlino,Pubblico,Staatliche Museen zu Berlin - Antikensammlung,Fr. 2064,1830,Dono
DE 095,Olla,Argilla,18 cm,Missing Value,Missing Value,Missing Value,Missing Value,Buono,"Olla in ceramica da cucina con orlo obliquo e collo breve, tipo c/o Di Giovanni 2312a ",Missing Value,Missing Value,1-79 d.C.,Germania,Berlino,Pubblico,Staatliche Museen zu Berlin - Antikensammlung,TC 1280,1830,Trasferimento
DE 096,Stucco,Stucco,5 cm,9 cm,12 cm,Missing Value,Missing Value,Discreto,Frammento di fregio in stucco raffigurante una foglia di vite in rilievo,Missing Value,Vegetale,1-79 d.C.,Germania,Berlino,Pubblico,Staatliche Museen zu Berlin - Antikensammlung,TC 5983,1869,Acquisto
DE 097,Stucco,Stucco,9 cm,13 cm,8 cm,Missing Value,Missing Value,Discreto,Frammento di kymation lesbio in stucco,Missing Value,Missing Value,1-79 d.C.,Germania,Berlino,Pubblico,Staatliche Museen zu Berlin - Antikensammlung,TC 5982,1869,Acquisto
DE 098,Stucco,Stucco,"5,5 cm",12 cm,"8,5 cm",Missing Value,Missing Value,Discreto,"Frammento di fregio in stucco, dipinto in rosso e blu, raffigurante bucranio e rosetta",Missing Value,"Animale;
Vegetale",1-79 d.C.,Germania,Berlino,Pubblico,Staatliche Museen zu Berlin - Antikensammlung,TC 5979,1869,Acquisto
DE 099,Stucco,Stucco,8 cm,22 cm,24 cm,Missing Value,Missing Value,Scarso,Frammento di stucco multicolore,Missing Value,Missing Value,1-79 d.C.,Germania,Berlino,Pubblico,Staatliche Museen zu Berlin - Antikensammlung,TC 5971,1869,Acquisto
DE 100,Antefissa,Argilla,Missing Value,15 cm,16 cm,6 cm,Missing Value,Discreto,Antefissa di terracotta decorata con un aquila in bassorilievo,Missing Value,Animale,1-79 d.C.,Germania,Berlino,Pubblico,Staatliche Museen zu Berlin - Antikensammlung,TC 5961,1869,Acquisto
DE 101,Brocca,Argilla,Missing Value,Missing Value,Missing Value,Missing Value,Missing Value,Ottimo,"Brocca in ceramica comune con imboccatura media e collo distinto, tipo Gasperetti 1243b  ",Missing Value,Missing Value,1-79 d.C.,Germania,Berlino,Pubblico,Staatliche Museen zu Berlin - Antikensammlung,TC 295,1830,Trasferimento
DE 102,Olla,Argilla,"12,4 cm",Missing Value,Missing Value,Missing Value,Missing Value,Ottimo,"Olla in ceramica da cucina con orlo obliquo e collo breve, tipo Di Giovanni 2312a ",Missing Value,Missing Value,1-79 d.C.,Germania,Berlino,Pubblico,Staatliche Museen zu Berlin - Antikensammlung,TC 2768,1830,Trasferimento
DE 103,Olla,Argilla,16 cm,Missing Value,Missing Value,Missing Value,Missing Value,Ottimo,"Olla in ceramica comune con imboccatura ampia e collo breve, tipo c/o Gasperetti 1213b",Missing Value,Missing Value,1-79 d.C.,Germania,Berlino,Pubblico,Staatliche Museen zu Berlin - Antikensammlung,TC 2763,1830,Trasferimento
DE 104,Cerniera,Osso,Missing Value,"3,5 cm",Missing Value,Missing Value,4 cm,Discreto,"Corta cerniera di mobile cilindrica, in osso, con un foro circolare",Missing Value,Missing Value,1-79 d.C.,Germania,Berlino,Pubblico,Staatliche Museen zu Berlin - Antikensammlung,TC 2620,1830,Trasferimento
DE 105,Cerniera,Osso,Missing Value,"11,9 cm",Missing Value,Missing Value,"3,9 cm",Discreto,"Lunga cerniera di mobile cilindrica, in osso, con due fori cirolari",Missing Value,Missing Value,1-79 d.C.,Germania,Berlino,Pubblico,Staatliche Museen zu Berlin - Antikensammlung,TC 2614,1830,Trasferimento
DE 106,Vaghi,Pasta Vitrea,Missing Value,Missing Value,Missing Value,Missing Value,Missing Value,Buono,"Cinquantanove vaghi globulari scanalati e forati, per collane e/o bracciali, in pasta vitrea di colore blu egiziano ",Inseriti in un filo moderno,Missing Value,1-79 d.C.,Germania,Berlino,Pubblico,Staatliche Museen zu Berlin - Antikensammlung,TC 4755,1844,Acquisto
DE 107,Cerniera,Osso,Missing Value,"3,6 cm",Missing Value,Missing Value,4 cm,Scarso,"Corta cerniera di mobile cilindrica, in osso, con un foro circolare",Missing Value,Missing Value,1-79 d.C.,Germania,Berlino,Pubblico,Staatliche Museen zu Berlin - Antikensammlung,TC 2623,1830,Trasferimento
DE 108,Cerniera,Osso,Missing Value,"3,9 cm",Missing Value,Missing Value,4 cm,Scarso,"Corta cerniera di mobile cilindrica, in osso, con un foro circolare",Missing Value,Missing Value,1-79 d.C.,Germania,Berlino,Pubblico,Staatliche Museen zu Berlin - Antikensammlung,TC 2625,1830,Trasferimento
DE 109,Stucco,Stucco,3 cm,10 cm,9 cm,Missing Value,Missing Value,Scarso,Frammento di fregio in stucco raffigurante ovoli,Missing Value,Vegetale,1-79 d.C.,Germania,Berlino,Pubblico,Staatliche Museen zu Berlin - Antikensammlung,TC 5984,1869,Acquisto
DE 110,Stucco,Stucco,6 cm,14 cm,19 cm,Missing Value,Missing Value,Scarso,Frammento di fregio in stucco raffigurante palmette,Missing Value,Vegetale,1-79 d.C.,Germania,Berlino,Pubblico,Staatliche Museen zu Berlin - Antikensammlung,TC 5981,1869,Acquisto
DE 111,Stucco,Stucco,9 cm,"19,5 cm","14,5 cm",Missing Value,Missing Value,Scarso,Frammento di cornice modanata in stucco,Missing Value,Missing Value,1-79 d.C.,Germania,Berlino,Pubblico,Staatliche Museen zu Berlin - Antikensammlung,TC 5974,1869,Acquisto
DE 112,Stucco,Stucco,8 cm,17 cm,13 cm,Missing Value,Missing Value,Scarso,Frammento di cornice dentellata in stucco,Missing Value,Missing Value,1-79 d.C.,Germania,Berlino,Pubblico,Staatliche Museen zu Berlin - Antikensammlung,TC 5972,1869,Acquisto
DE 113,Colino,Argilla,Missing Value,Missing Value,Missing Value,Missing Value,Missing Value,Buono,Colino in ceramica invetriata,Missing Value,Missing Value,1-79 d.C.,Germania,Berlino,Pubblico,Staatliche Museen zu Berlin - Antikensammlung,TC 5962,1869,Acquisto
DE 114,Brocca,Argilla,Missing Value,Missing Value,Missing Value,Missing Value,Missing Value,Ottimo,"Brocca in ceramica comune con imboccatura media e collo distinto, tipo c/o Gasperetti 1243b  ",Missing Value,Missing Value,1-79 d.C.,Germania,Berlino,Pubblico,Staatliche Museen zu Berlin - Antikensammlung,TC 387,1830,Trasferimento
DK 001,Cerniera,Bronzo,Missing Value,"6,2 cm","1,4 cm",Missing Value,Missing Value,Buono,"Cerniera di porta, in bronzo, con cinque fori subcircolari",Missing Value,Missing Value,1-79 d.C.,Danimarca,Copenaghen,Pubblico,Nationalmuseet,ABa 280,1853,Trasferimento
DK 002,Cerniera,Bronzo,Missing Value,"6,5 cm","1,5 cm",Missing Value,Missing Value,Buono,"Cerniera di porta, in bronzo, con cinque fori subcircolari",Missing Value,Missing Value,1-79 d.C.,Danimarca,Copenaghen,Pubblico,Nationalmuseet,ABa 281,1853,Trasferimento
DK 003,Coppa,Bronzo,"4,6 cm",Missing Value,Missing Value,Missing Value,"11,3 cm",Buono,"Coppa bronzea, tipo Tassinari M1313, con due anse a bastoncello rialzato e ricurvo",Mancante di un'ansa,Missing Value,1-79 d.C.,Danimarca,Copenaghen,Pubblico,Nationalmuseet,ABa 282,1853,Trasferimento
DK 004,Fibula,Bronzo,Missing Value,"3,2 cm",Missing Value,Missing Value,Missing Value,Buono,Fibula bronzea con arco allargato ,Missing Value,Missing Value,1-79 d.C.,Danimarca,Copenaghen,Pubblico,Nationalmuseet,ABa 304,1853,Trasferimento
DK 005,Fibula,"Bronzo;
Ferro",Missing Value,"3,5 cm",3 cm,Missing Value,Missing Value,Buono,"Fibula bronzea con arco semplice, dal cui spillo pende un pezzo di ferro",Missing Value,Missing Value,1-79 d.C.,Danimarca,Copenaghen,Pubblico,Nationalmuseet,ABa 306,1853,Trasferimento
DK 006,Anello,Bronzo,Missing Value,Missing Value,Missing Value,Missing Value,"3,1 cm",Buono,Anello bronzeo (verga chiusa),Missing Value,Missing Value,1-79 d.C.,Danimarca,Copenaghen,Pubblico,Nationalmuseet,ABa 327,1853,Trasferimento
DK 007,Candelabro (?),Bronzo,"7,2 cm",Missing Value,Missing Value,Missing Value,Missing Value,Scarso,"Fusto bronzeo, con rigonfiamenti, pertinente a un candelabro (?) ",Missing Value,Missing Value,1-79 d.C.,Danimarca,Copenaghen,Pubblico,Nationalmuseet,ABa 345,1853,Trasferimento
DK 008,Gamba di Letto (?),Bronzo,Missing Value,22 cm,Missing Value,Missing Value,Missing Value,Buono,Gamba di letto (?) modanata in bronzo,Missing Value,Missing Value,1-79 d.C.,Danimarca,Copenaghen,Pubblico,Nationalmuseet,ABa 346,1853,Trasferimento
DK 009,Campana,Bronzo,"5,1 cm","3,6 cm","2,8 cm",Missing Value,Missing Value,Buono,Campana bronzea di forma troncopiramidale. Ampio foro di sospensione in alto ,Missing Value,Missing Value,1-79 d.C.,Danimarca,Copenaghen,Pubblico,Nationalmuseet,ABa 347,1853,Trasferimento
DK 010,Supporto,Bronzo,"2,5 cm",Missing Value,"1,5 cm",Missing Value,Missing Value,Discreto,Supporto campaniforme in bronzo,Missing Value,Missing Value,1-79 d.C.,Danimarca,Copenaghen,Pubblico,Nationalmuseet,ABa 349 ,1853,Trasferimento
DK 011,Vaso,Bronzo,Missing Value,Missing Value,Missing Value,Missing Value,"3,9 cm",Discreto,"Vaso ellittico bronzeo, tipo Tassinari O2000",Missing Value,Missing Value,1-79 d.C.,Danimarca,Copenaghen,Pubblico,Nationalmuseet,ABa 359a,1853,Trasferimento
DK 012,Cassaforte,"Bronzo;
Ferro",Missing Value,Missing Value,Missing Value,Missing Value,Missing Value,Scarso,"Diverse borchie di bronzo e schegge di ferro, pertinenti a una cassaforte. Molti pezzi recano incrostazioni di lapilli  ","Tra i diversi frammenti è stata individuata anche una moneta di rame, la cui decifrazione è resa difficoltosa a causa dell'elevato grado di consunzione; tuttavia, si tratterebbe con ogni probabilità di un asse recante al D/ il ritratto dell'imperatore Claudio di profilo a sinistra e al R/ una figura femminile stante con legenda LIBERTAS AVGVSTA (nonché l' l'acronimo S C) ",Missing Value,1-79 d.C.,Danimarca,Copenaghen,Pubblico,Nationalmuseet,ABa 372,1853,Trasferimento
DK 013,Codolo,Piombo,Missing Value,4 cm,3 cm,Missing Value,Missing Value,Scarso,Codolo ricurvo in piombo,Missing Value,Missing Value,1-79 d.C.,Danimarca,Copenaghen,Pubblico,Nationalmuseet,ABa 375,1853,Trasferimento
DK 014,Pittura Murale,Intonaco,"13,1 cm",Missing Value,"9,9 cm","1,2 cm",Missing Value,Discreto,Pittura murale in Quarto Stile. Frammento raffigurante una fine decorazione fitomorfa bianco-giallognola su sfondo rosso,Missing Value,Vegetale,45-79 d.C.,Danimarca,Copenaghen,Pubblico,Nationalmuseet,ABb 30,1853,Trasferimento
DK 015,Pittura Murale,Intonaco,"12,6 cm",Missing Value,"11,8 cm","1,4 cm",Missing Value,Discreto,Pittura murale in Quarto Stile. Frammento raffigurante una variopinta decorazione fitomorfa su sfondo nero,Missing Value,Vegetale,45-79 d.C.,Danimarca,Copenaghen,Pubblico,Nationalmuseet,ABb 30,1853,Trasferimento
DK 016,Pittura Murale,Intonaco,"11,5 cm",Missing Value,"7,3 cm",4 cm,Missing Value,Scarso,Pittura murale in Quarto Stile (?). Frammento di colore rosso bruno,Missing Value,Missing Value,45-79 d.C.,Danimarca,Copenaghen,Pubblico,Nationalmuseet,Chr. VIII 207,1853,Trasferimento
DK 017,Pittura Murale,Intonaco,"19,8 cm",Missing Value,14 cm,"2,4 cm",Missing Value,Scarso,Pittura murale in Quarto Stile. Frammento di colore ocra con una banda viola bordata da una cornice bianca,Missing Value,Missing Value,45-79 d.C.,Danimarca,Copenaghen,Pubblico,Nationalmuseet,Chr. VIII 208,1853,Trasferimento
DK 018,Pittura Murale,Intonaco,28 cm,Missing Value,"15,5 cm","3,5 cm",Missing Value,Scarso,"Pittura murale in Quarto Stile. Frammento raffigurante due ghirlande marroni su sfondo bianco, con strisce blu che delineano cornici",Missing Value,Missing Value,45-79 d.C.,Danimarca,Copenaghen,Pubblico,Nationalmuseet,Chr. VIII 209,1853,Trasferimento
DK 019,Vago,Pasta Vitrea,"2,6 cm",Missing Value,"3,2 cm",Missing Value,Missing Value,Buono,"Vago globulare baccellato con foro passante, per collana o bracciale, in pasta vitrea di colore blu verdastro",Missing Value,Missing Value,1-79 d.C.,Danimarca,Copenaghen,Pubblico,Nationalmuseet,Chr. VIII 554,1853,Trasferimento
FR 001,Statuetta,Bronzo,"26,5 cm","52,5 cm",Missing Value,Missing Value,Missing Value,Ottimo,Statuetta bronzea di una giovenca stante. Il pelo sulla fronte della testa è inciso,"Il reperto è probabilmente un originale greco (forse un ex voto) convertito in epoca romana in un elemento di fontana mediante la realizzazione di due orifizi presso entrambe le terminazioni orizzontali della figura (l'acqua sgorgava dalla bocca dell'animale).

Cfr. GB 011",Animale,425-375 a.C.,Francia,Parigi,Pubblico,"Bibliothèque nationale de France - département des Monnaies, médailles et antiques",Bronze.1157,post 1762,Missing Value
FR 002,Pittura Murale,Intonaco,"96,5 cm",Missing Value,"183,5 cm","14,5 cm",Missing Value,Buono,"Pittura murale in Quarto Stile. Tre figure sono raffigurate su uno sfondo monocromo neutro: una divinità fluviale – forse da identificarsi con il Sarnus (l'attuale Sarno) – giace nel mezzo, la sua schiena contro una roccia, tenendo nella mano sinistra un'urna capovolta da cui fuoriesce acqua e nella mano destra una canna; egli è fiancheggiato da due ninfe – forse da identificarsi con le sorgenti del Sarnus – nude fino alla cintola, ognuna reggente con entrambe le mani un grande bacino da cui versano sottili rivoli di acqua",Missing Value,Mitologico,50-79 d.C.,Francia,Parigi,Pubblico,Musée du Louvre,P 2,1826,Dono
FR 003,Elmo,"Bronzo;
Argento",38 cm,Missing Value,41 cm,37 cm,Missing Value,Eccellente,"Elmo bronzeo di un gladiatore thraex. Esso ha una larga tesa, un cimiero ricurvo desinente in una testa di grifo, una visiera forata nella metà superiore. La calotta è decorata da elementi sia in rilievo sia in incisione, tra cui un gorgoneion (testa di Medusa) placcato in argento, il quale è scolpito sulla fronte       ",Missing Value,Mitologico,65-75 d.C.,Francia,Parigi,Pubblico,Musée du Louvre,Br 1108,1892,Scambio
FR 004,Paraspalla,"Bronzo;
Argento","30,5 cm",Missing Value,"33,8 cm","12,5 cm",Missing Value,Ottimo,"Paraspalla bronzeo (galerus) di un gladiatore retiarius. Forma trapezoidale, arrotondato e curvato in alto; ivi, un busto di Ercole placcato in argento è scolpito entro un medaglione. La parte superiore della parte convessa, in cui si accomodava la spalla sinistra del gladiatore, è decorata in rilievo da una luna crescente placcata in argento","Il reperto è dipinto in: Jean-Léon Gérôme, Pollice verso, olio su tela, 1872 (Phoenix, Phoenix Art Museum, inv. 1968.52)",Mitologico,50-60 d.C.,Francia,Parigi,Pubblico,Musée du Louvre,Br 1142,1892,Scambio
FR 005,Schiniere,Bronzo,"28,7 cm",Missing Value,"15,5 cm","12,5 cm",Missing Value,Ottimo,"Schiniere bronzeo (ocrea) di un gladiatore murmillo o secutor. In rilievo sulla superficie esterna, nel mezzo, una Venere stante è attorniata da elementi vegetali e floreali; la dea indossa una tunica trasparente e un lungo mantello. Inoltre, un gorgoneion (una testa di Medusa) è in basso su ciascun dentello arrotondato","Il reperto è scolpito in: Jean-Léon Gérôme - Aimé Morot, Gérôme exécutant ""Les Gladiateurs"". Monument à Gérôme, bronzo, 1878-1909 (Parigi, Musée d'Orsay, inv. RF 3517)",Mitologico,50-60 d.C.,Francia,Parigi,Pubblico,Musée du Louvre,Br 1143,1892,Scambio
FR 006,Schiniere,Bronzo,33 cm,Missing Value,"16,5 cm","14,5 cm",Missing Value,Buono,"Schiniere bronzeo (ocrea) di un gladiatore murmillo o secutor. In rilievo sulla superficie esterna, nel mezzo, un Marte stante è sotto uno sporgente arco triangolare decorato da chevrons; il dio è completamente armato. Inoltre, in basso, una borchia – con una decorazione incisa – è sulla parte superiore di ciascun dentello arrotondato. Marchio di fabbrica apposto sotto la borchia sinistra: C. A. P.","Il reperto è scolpito in: Jean-Léon Gérôme, Gladiatorerne, bronzo, 1878 (Copenaghen, Ny Carlsberg, inv. MIN 0566)",Mitologico,50-60 d.C.,Francia,Parigi,Pubblico,Musée du Louvre,Br 1144,1892,Scambio
FR 007,Schiniere,Bronzo,"57,5 cm",Missing Value,17 cm,"18,5 cm",Missing Value,Ottimo,"Schiniere bronzeo (cnemis) di un gladiatore hoplomachus o thraex. In corrispondenza del ginocchio è raffigurato in rilievo un gorgoneion (una testa di Medusa), mentre nell'area della coscia sono ritratte piccole teste su ambo i lati: a destra una menade e un sileno (con un tirso dietro) che viene fuori da una cista; a sinistra un uomo barbuto con capelli irsuti entro una cornice romboidale. Marchi di fabbrica: P. P. A. M. e N. C. A. su entrambi i lati nell'area della coscia; M. C. P. (incisione puntinata) nella parte superiore della superficie interna",Appaiato con FR 008. Schiniere destro (?),Mitologico,50-75 d.C.,Francia,Parigi,Pubblico,Musée du Louvre,Br 1169,1892,Scambio
FR 008,Schiniere,Bronzo,"57,5 cm",Missing Value,17 cm,"18,5 cm",Missing Value,Ottimo,"Schiniere bronzeo (cnemis) di un gladiatore hoplomachus o thraex. In corrispondenza del ginocchio è raffigurato in rilievo un gorgoneion (una testa di Medusa), mentre nell'area della coscia sono ritratte piccole teste su ambo i lati: a destra una menade e un sileno (con un tirso dietro) che viene fuori da una cista; a sinistra un uomo barbuto con capelli irsuti entro una cornice romboidale. Marchi di fabbrica: P. P. A. M. e N. C. A. su entrambi i lati nell'area della coscia; M. C. P. (incisione puntinata) nella parte superiore della superficie interna","Appaiato con FR 007. Schiniere sinistro (?).

Il reperto è scolpito in: Jean-Léon Gérôme - Aimé Morot, Gérôme exécutant ""Les Gladiateurs"". Monument à Gérôme, bronzo, 1878-1909 (Parigi, Musée d'Orsay, inv. RF 3517)",Mitologico,50-75 d.C.,Francia,Parigi,Pubblico,Musée du Louvre,Br 1170,1892,Scambio
FR 009,Candelabro,Bronzo,135 cm,Missing Value,23 cm,Missing Value,Missing Value,Ottimo,"Candelabro bronzeo (nessuna lucerna sul supporto superiore) con fusto liscio retto da tre piedi conformati a zampe leonine, a cui è unita una decorazione vegetale ",Missing Value,"Animale;
Vegetale",1-50 d.C.,Francia,Parigi,Pubblico,Musée du Louvre,Br 3169,post 1814,Missing Value
FR 010,Candelabro,Bronzo,"127,1 cm",Missing Value,"26,2 cm",Missing Value,Missing Value,Ottimo,"Candelabro bronzeo con fusto dall'aspetto di uno stelo vegetale ispido retto da tre piedi conformati a rami ricurvi; nella parte superiore, altri tre piccoli rami fungono da sostegno per il plateau ",Il candelabro è connesso con la lucerna FR 011,Missing Value,40-60 d.C.,Francia,Parigi,Pubblico,Musée du Louvre,Br 3159,1825,Acquisto
FR 011,Lucerna,Bronzo,"13,4 cm",26 cm,Missing Value,Missing Value,"9,4 cm",Eccellente,"Lucerna bronzea monolicne, tipo Loeschcke XIX. L'ansa è modellata come due steli ricurvi desinenti superiormente in una foglia cuoriforme; alla punta inferiore di quest'ultima è fissata una catena, la quale è collegata al pomello del coperchio che chiude l'apertura del disco. Due rosette fiancheggiano il punto di giunzione tra disco e becco",La lucerna è connessa con il candelabro FR 010,Vegetale,1-79 d.C.,Francia,Parigi,Pubblico,Musée du Louvre,Br 3117,1825,Acquisto
FR 012,Teglia,Bronzo,"6,5 cm",Missing Value,Missing Value,Missing Value,"42,5 cm",Ottimo,"Teglia rotonda in bronzo avente diciassette cavità semicircolari, con un anello di sospensione",Utensile verosimilmente adoperato per cuocere le uova ,Missing Value,1-79 d.C.,Francia,Parigi,Pubblico,Musée du Louvre,Br 3002,1825,Acquisto
FR 013,Pittura Murale,Intonaco,47 cm,Missing Value,"36,2 cm",Missing Value,Missing Value,Buono,"Pittura murale in Quarto Stile. Apollo Musagete è raffigurato su uno sfondo ocra, isolato al centro del pannello. Il dio siede su un trono; la mano sinistra è sulla sua testa cinta da una corona di alloro, mentre la mano destra tiene una cetra. Un mantello – viola all'esterno e bianco all'interno – copre solo la parte inferiore del corpo","Appartenente allo stesso ciclo pittorico di FR 014, FR 015, FR 016, FR 017, FR 018, FR 019, FR 020, FR 021",Mitologico,62-79 d.C.,Francia,Parigi,Pubblico,Musée du Louvre,P 8,1825,Acquisto
FR 014,Pittura Murale,Intonaco,47 cm,Missing Value,"34,8 cm",Missing Value,Missing Value,Buono,"Pittura murale in Quarto Stile. Calliope è raffigurata su uno sfondo ocra, isolata al centro del pannello. La musa è stante su uno scaffale marrone, il cui bordo frontale mostra l'iscrizione greca: ΚΑΛΛΙΟΠΗ ΠΟΙΗΜΑ. Ella tiene nelle sue mani un volumen chiuso; indossa un lungo chitone verde, sopra il quale è un mantello bianco annodato in vita  ","Appartenente allo stesso ciclo pittorico di FR 013, FR 015, FR 016, FR 017, FR 018, FR 019, FR 020, FR 021",Mitologico,62-79 d.C.,Francia,Parigi,Pubblico,Musée du Louvre,P 4,1825,Acquisto
FR 015,Pittura Murale,Intonaco,"46,7 cm",Missing Value,"36,2 cm",Missing Value,Missing Value,Buono,"Pittura murale in Quarto Stile. Clio è raffigurata su uno sfondo ocra, isolata al centro del pannello. La musa siede su una sedia; indossa un lungo chitone malva sotto un mantello rosso. La sua mano sinistra regge un volumen, su cui si legge l'iscrizione greca ΚΛΕΙΩ ΙСΤΟΡΙΑΝ; a sinistra, ai piedi della sedia, c'è un contenitore cilindrico (capsa o scrinium) con sei volumina chiusi   ","Appartenente allo stesso ciclo pittorico di FR 013, FR 014, FR 016, FR 017, FR 018, FR 019, FR 020, FR 021",Mitologico,62-79 d.C.,Francia,Parigi,Pubblico,Musée du Louvre,P 5,1825,Acquisto
FR 016,Pittura Murale,Intonaco,"46,8 cm",Missing Value,36 cm,Missing Value,Missing Value,Buono,"Pittura murale in Quarto Stile. Erato è raffigurata su uno sfondo ocra, isolata al centro del pannello. La musa è stante su uno scaffale marrone, il cui bordo frontale mostra l'iscrizione greca: ΕΡΑΤΩ ΨΑΛΤΡΙΑΝ. Ella tiene nelle sue mani una psaltria (strumento musicale a sette corde); indossa un lungo chitone malva sotto un mantello malva e verde attorcigliato attorno alla vita","Appartenente allo stesso ciclo pittorico di FR 013, FR 014, FR 015, FR 017, FR 018, FR 019, FR 020, FR 021",Mitologico,62-79 d.C.,Francia,Parigi,Pubblico,Musée du Louvre,P 6,1825,Acquisto
FR 017,Pittura Murale,Intonaco,"46,7 cm",Missing Value,"35,5 cm",Missing Value,Missing Value,Buono,"Pittura murale in Quarto Stile. Tersicore è raffigurata su uno sfondo ocra, isolata al centro del pannello. La musa è stante su uno scaffale marrone, il cui bordo frontale mostra l'iscrizione greca: ΤΕΡΠСΙΧΟΡΗ ΛΙΡΑΝ. Ella tiene nelle sue mani una lira; indossa un lungo chitone malva con apoptygma sotto un mantello verde","Appartenente allo stesso ciclo pittorico di FR 013, FR 014, FR 015, FR 016, FR 018, FR 019, FR 020, FR 021",Mitologico,62-79 d.C.,Francia,Parigi,Pubblico,Musée du Louvre,P 7,1825,Acquisto
FR 018,Pittura Murale,Intonaco,47 cm,Missing Value,36 cm,Missing Value,Missing Value,Buono,"Pittura murale in Quarto Stile. Melpomene è raffigurata su uno sfondo ocra, isolata al centro del pannello. La musa è stante su uno scaffale marrone, il cui bordo frontale mostra l'iscrizione greca: ΜΕΛΠΟΜΕΝΗ ΤΡΑΓΩΔΙΑΝ. Ella tiene una clava nella sua mano destra e una maschera tragica nella sua mano sinistra; indossa un un mantello verde – annodato sotto il busto – al di sopra di un lungo chitone rosa ","Appartenente allo stesso ciclo pittorico di FR 013, FR 014, FR 015, FR 016, FR 017, FR 019, FR 020, FR 021",Mitologico,62-79 d.C.,Francia,Parigi,Pubblico,Musée du Louvre,P 9,1825,Acquisto
FR 019,Pittura Murale,Intonaco,47 cm,Missing Value,"35,5 cm",Missing Value,Missing Value,Buono,"Pittura murale in Quarto Stile. Talia è raffigurata su uno sfondo ocra, isolata al centro del pannello. La musa è stante su uno scaffale marrone, il cui bordo frontale mostra l'iscrizione greca: ΘΑΛΕΙΑ ΚΩΜΟΔΙΑΝ. Ella tiene un pedum nella sua mano destra e una maschera comica nella sua mano sinistra; indossa una tunica verde a maniche lunghe sotto una più corta tunica malva a maniche corte, a sua volta sotto un mantello bianco con frange (su questo indumento è cucito un segmentum)   ","Appartenente allo stesso ciclo pittorico di FR 013, FR 014, FR 015, FR 016, FR 017, FR 018, FR 020, FR 021",Mitologico,62-79 d.C.,Francia,Parigi,Pubblico,Musée du Louvre,P 10,1825,Acquisto
FR 020,Pittura Murale,Intonaco,47 cm,Missing Value,"35,5 cm",Missing Value,Missing Value,Buono,"Pittura murale in Quarto Stile. Polimnia è raffigurata su uno sfondo ocra, isolata al centro del pannello. La musa è stante su uno scaffale marrone, il cui bordo frontale mostra l'iscrizione greca: ΠΟΛΥΜΝΙΑ ΜΥΘΟΥϹ. Ella indossa un lungo chitone verde sotto un mantello malva/blu. Porta  il dito indice della sua mano destra alla bocca","Appartenente allo stesso ciclo pittorico di FR 013, FR 014, FR 015, FR 016, FR 017, FR 018, FR 019, FR 021",Mitologico,62-79 d.C.,Francia,Parigi,Pubblico,Musée du Louvre,P 11,1825,Acquisto
FR 021,Pittura Murale,Intonaco,"46,7 cm",Missing Value,"36,5 cm",Missing Value,Missing Value,Buono,"Pittura murale in Quarto Stile. Urania è raffigurata su uno sfondo ocra, isolata al centro del pannello. La musa siede su una sedia; indossa un lungo chitone verde sotto una corta tunica malva, a sua volta sotto un mantello giallo/bianco. Nella mano destra regge un radius, con cui indica un punto del globus tenuto nella sua mano sinistra ","Appartenente allo stesso ciclo pittorico di FR 013, FR 014, FR 015, FR 016, FR 017, FR 018, FR 019, FR 020",Mitologico,62-79 d.C.,Francia,Parigi,Pubblico,Musée du Louvre,P 12,1825,Acquisto
FR 022,Candelabro,"Bronzo;
Argento",126 cm,Missing Value,24 cm,Missing Value,Missing Value,Ottimo,"Candelabro bronzeo con fusto scanalato retto da tre piedi conformati a zampe di leone, separati da palmette; nella parte superiore, il plateau reca incrostazioni di argento ",Il candelabro è connesso con la lucerna FR 023,"Animale;
Vegetale",1-79 d.C.,Francia,Parigi,Pubblico,Musée du Louvre,Br 3164,1825,Acquisto
FR 023,Lucerna,Bronzo,"20,5 cm",Missing Value,"8,2 cm",Missing Value,Missing Value,Buono,"Lucerna bronzea monolicne, tipo Loeschcke XX. L'ansa molto ricurva termina in una testa di cigno che si origina da una ghirlanda floreale; il becco dell'animale raggiunge l'infundibulum",La lucerna è connessa con il candelabro FR 022,Animale,40-60 d.C.,Francia,Parigi,Pubblico,Musée du Louvre,Br 3109,1825,Acquisto
FR 024,Pittura Murale,Intonaco,58 cm,Missing Value,48 cm,2 cm,Missing Value,Discreto,"Pittura murale in Quarto Stile. A figura femminile svolazzante, personificazione dell'Estate, è raffigurata su uno sfondo ocra. I suoi capelli sono cinti da una corona di foglie. Un mantello copre la parte inferiore del corpo, mentre la parte superiore è svestita. Ella regge una falce – portata dietro il collo – nella sua mano sinistra e spighe di grano nella sua mano destra",Missing Value,Mitologico,62-79 d.C.,Francia,Parigi,Pubblico,Musée du Louvre,P 17,1826,Dono
FR 025,Pittura Murale,Intonaco,"83,5 cm",Missing Value,135 cm,Missing Value,Missing Value,Discreto,"Pittura murale in Terzo Stile. Incorniciata da una banda nera e collocata su uno sfondo architettonico, la scena (mistica?) all'aperto mostra quattro figure femminili. A sinistra, due donne sono sedute su una roccia; una di esse allunga un rametto a un cerbiatto. Un'altra donna è al centro del pannello. L'ultima figura, a destra, è seduta su una sedia",Missing Value,"Umano;
Animale",30-45 d.C.,Francia,Parigi,Pubblico,Musée du Louvre,P 1,1826,Dono
FR 026,Stucco,Stucco,"12,5 cm",Missing Value,15 cm,Missing Value,Missing Value,Discreto,"Stucco dipinto rappresentante, in rilievo, un Erote nudo, il quale vola verso destra. La parte inferiore del corpo della figura è modellata come fogliame",Missing Value,Mitologico,62-79 d.C.,Francia,Parigi,Pubblico,Musée du Louvre,P 20,1825,Acquisto
FR 027,Stucco,Stucco,"12,5 cm",Missing Value,"14,5 cm",Missing Value,Missing Value,Discreto,"Losanga orlata di stucco dipinto in rosso-marrone, entro la quale è rappresentato in rilievo un Erote nudo",Missing Value,Mitologico,62-79 d.C.,Francia,Parigi,Pubblico,Musée du Louvre,P 21,1825,Acquisto
FR 028,Stucco,Stucco,23 cm,Missing Value,"27,5 cm",Missing Value,Missing Value,Discreto,"Pannello di stucco – orlato sopra e sotto – dipinto in rosso, entro il quale è rappresentata una menade nuda. Ella è recumbente verso sinistra, poggiando il suo braccio destro su un timpano",Cfr. FR 029,Mitologico,62-79 d.C.,Francia,Parigi,Pubblico,Musée du Louvre,P 19,1825,Acquisto
FR 029,Stucco,Stucco,23 cm,Missing Value,"28,5 cm",Missing Value,Missing Value,Discreto,"Pannello di stucco – orlato sopra e sotto – dipinto in rosso, entro il quale è rappresentata una menade nuda. Ella è recumbente verso sinistra, poggiando il suo braccio destro su un timpano",Cfr. FR 028,Mitologico,62-79 d.C.,Francia,Parigi,Pubblico,Musée du Louvre,P 22,1825,Acquisto
FR 030,Pittura Murale,Intonaco,"22,3 cm",Missing Value,"37,7 cm",3 cm,Missing Value,Buono,"Pittura murale in Quarto Stile. Su uno sfondo rosso, una coppia di grifoni traina verso destra una biga, sopra la quale è un drappo marroncino, oltrechè una citara e un tripode (attributi di Apollo)     ",Appartenente allo stesso ciclo pittorico di FR 031 (e congiunto a esso)  ,Mitologico,50-79 d.C.,Francia,Parigi,Pubblico,Musée du Louvre,P 15.1,1826,Dono
FR 031,Pittura Murale,Intonaco,23 cm,Missing Value,37 cm,"2,5 cm",Missing Value,Buono,"Pittura murale in Quarto Stile. Su sfondo rosso, un cervo e una cerva sono davanti a una biga, sopra la quale sono una corona e una faretra (attributi di Diana) ",Appartenente allo stesso ciclo pittorico di FR 030 (e congiunto a esso)  ,"Animale;
Mitologico",50-79 d.C.,Francia,Parigi,Pubblico,Musée du Louvre,P 15.2,1826,Dono
FR 032,Pittura Murale,Intonaco,68 cm,Missing Value,122 cm,"3,5 cm",Missing Value,Buono,"Pittura murale in Quarto Stile simulante una finestra che affaccia su un portico. Al centro, una maschera teatrale pende dal soffitto; ai lati, due uccelli simmetrici (colombe?) sono appollaiati su bande orizzontali",Missing Value,"Animale;
Architettonico",62-79 d.C.,Francia,Parigi,Pubblico,Musée du Louvre,P 3,1826,Dono
FR 033,Candelabro,Bronzo,"113,2 cm",Missing Value,"21,6",Missing Value,Missing Value,Discreto,"Candelabro bronzeo con fusto imitante uno stelo vegetale ispido retto da tre piedi conformati a rami ricurvi, con tre foglie interposte ",Da unire con FR 037,Vegetale,1-79 d.C.,Francia,Parigi,Pubblico,Musée du Louvre,Br 3172.1,1826,Dono
FR 034,Anello,Oro,Missing Value,Missing Value,Missing Value,Missing Value,Missing Value,Eccellente,Anello aureo (verga chiusa) con castone ovale recante incisa una Fortuna stante. La divinità regge una cornucopia nella sua mano destra e appoggia la sua mano sinistra su un elmo,Missing Value,Mitologico,100 a.C. - 79 d.C.,Francia,Parigi,Pubblico,"Bibliothèque nationale de France - département des Monnaies, médailles et antiques",inv.56.500,1801,Dono
FR 035,Anello,Oro,Missing Value,Missing Value,Missing Value,Missing Value,"1,8 cm",Eccellente,Anello aureo (verga chiusa) conformato a serpente – con squame rese da incisioni – desinente in due teste affrontate,Missing Value,Missing Value,100 a.C. - 79 d.C.,Francia,Parigi,Pubblico,"Bibliothèque nationale de France - département des Monnaies, médailles et antiques",inv.56.525,1801,Dono
FR 036,Applique,Avorio,5 cm,Missing Value,5 cm,3 cm,Missing Value,Buono,"Applique in avorio (evidentemente pertinente a un mobile ligneo) rappresentante una testa femminile, probabilmente una menade, lievemente rivolta verso destra. Ella ha una voluminosa capigliatura ricciuta, legata in alto da un nastro in un doppio nodo (acconciatura krobylos) ",Missing Value,Mitologico,1-79 d.C.,Francia,Parigi,Pubblico,"Bibliothèque nationale de France - département des Monnaies, médailles et antiques",inv.65.4507,1801,Dono
FR 037,Candelabro,Bronzo,"8,8 cm",Missing Value,"9,8 cm",Missing Value,Missing Value,Discreto,Candelabro bronzeo con un plateau campaniforme,Da unire con FR 033,Missing Value,1-79 d.C.,Francia,Parigi,Pubblico,Musée du Louvre,Br 3172.2,1826,Dono
FR 038,Candelabro,Bronzo,134 cm,Missing Value,25 cm,Missing Value,Missing Value,Ottimo,"Candelabro bronzeo con fusto imitante uno stelo vegetale, costellato di protuberanze emisferiche, retto da tre piedi conformati a rami ricurvi; nella parte superiore c'è un plateau campaniforme",Missing Value,Vegetale,25-75 d.C.,Francia,Parigi,Pubblico,Musée du Louvre,Br 3160,1826,Dono
FR 039,Candelabro,Bronzo,140 cm,Missing Value,"24,6",Missing Value,Missing Value,Ottimo,"Candelabro bronzeo con fusto scanalato retto da tre piedi conformati a zampe leonine, separati da foglie di di edera; nella parte superiore c'è un plateau campaniforme",Missing Value,"Animale;
Vegetale",1-79 d.C.,Francia,Parigi,Pubblico,Musée du Louvre,Br 3166,1826,Dono
FR 040,Secchia,Bronzo,"28,5 cm",Missing Value,30 cm,Missing Value,22 cm,Ottimo,"Secchia bronzea a fondo piatto, tipo Tassinari X1621; l'ansa mobile – desinente alle estremità in protomi di anatra –, con un anello di sospensione in alto,  è agganciata in due occhielli fissati sopra altrettante teste femminili (menadi?) in bassorilievo, le quali ornano la gola del vaso",Missing Value,"Animale;
Mitologico",1-79 d.C.,Francia,Parigi,Pubblico,Musée du Louvre,Br 2833,1826,Dono
FR 041,Catino,Bronzo,23 cm,Missing Value,"48,4 cm",Missing Value,"34,5 cm",Buono,"Catino bronzeo, tipo Tassinari T2000, con due anse mobili fissate sotto l'orlo ",Missing Value,Missing Value,1-79 d.C.,Francia,Parigi,Pubblico,Musée du Louvre,Br 2599,1826,Dono
FR 042,Bacile,Bronzo,19 cm,Missing Value,"44,5 cm",Missing Value,"42,5 cm",Buono,"Bacile bronzeo, tipo Tassinari S2230, con due anse, le cui attaccature presentano una decorazione fitomorfa",Parecchio restaurato,Vegetale,1-79 d.C.,Francia,Parigi,Pubblico,Musée du Louvre,Br 4355,1826,Dono
FR 043,Brocca,"Bronzo;
Argento","38,5 cm",Missing Value,24 cm,Missing Value,Missing Value,Ottimo,"Brocca bronzea, tipo Tassinari A3220, con incrostazioni di argento sulle anse, le quali sono caratterizzate da una decorazione fitomorfa",Missing Value,Vegetale,25-75 d.C.,Francia,Parigi,Pubblico,Musée du Louvre,Br 2643,1826,Dono
FR 044,Pittura Murale,Intonaco,"13,5 cm",Missing Value,13 cm,Missing Value,Missing Value,Discreto,Pittura murale in Quarto Stile. Frammento raffigurante una testa femminile (un personaggio mitologico o un'eroina tragica?) leggermente puntato verso destra ,Missing Value,Mitologico,50-79 d.C.,Francia,Tolosa,Pubblico,"Musée Saint-Raymond, musée d'Archéologie de Toulouse",25541,1892,Trasferimento
FR 045,Pittura Murale,Intonaco,"15,5 cm",Missing Value,"17,3 cm",Missing Value,Missing Value,Discreto,"Pittura murale in Quarto Stile. Frammento raffigurante, su sfondo giallo, una figura ibrida: corpo umano alato, ma zampe di insetto. Muovendo verso destra, tale figura regge un piatto con frutti nella mano destra e un bastone nell'altra mano",Missing Value,"Mitologico;
Vegetale",50-79 d.C.,Francia,Tolosa,Pubblico,"Musée Saint-Raymond, musée d'Archéologie de Toulouse",26754,1892,Trasferimento
FR 046,Casseruola,Bronzo,"12,4 cm",Missing Value,35 cm,Missing Value,"18,4 cm",Buono,"Casseruola bronzea, tipo Tassinari G2100. Due linee concentriche, incise sulla superficie interna della vasca, corrispondono a unità di misura. Bollo sulla superficie superiore del disco – che presenta anche un foro a crescente lunare – dell'ansa orizzontale: illeggibile (in rilievo)   ",Missing Value,Missing Value,1-79 d.C.,Francia,Parigi,Pubblico,Musée du Louvre,Br 5930,1825,Acquisto
FR 047,Tripode,Bronzo,11 cm,Missing Value,"10,5 cm",Missing Value,"8,3 cm",Buono,"Tripode bronzeo con zampe leonine separate da palmette traforate; in alto, un plateau rotondo è decorato da cerchi concentrici",Missing Value,"Animale;
Geometrico;
Vegetale",1-79 d.C.,Francia,Parigi,Pubblico,Musée du Louvre,Br 2574,1825,Acquisto
FR 048,Cucchiaio,Osso,Missing Value,"21,9 cm","4,1 cm","0,6 cm",Missing Value,Ottimo,Cucchiaio in osso caratterizzato dall'estremità del manico raffigurante una mano destra aperta.,Missing Value,Umano,1-79 d.C.,Francia,Tolosa,Pubblico,"Musée Saint-Raymond, musée d'Archéologie de Toulouse",75.5.30,1892,Trasferimento
GB 001,Pittura Murale,Intonaco,58 cm,Missing Value,80 cm,Missing Value,Missing Value,Buono,"Pittura murale in Terzo Stile. Immagine di Apollo che istruisce una citarista (una delle Muse? Dafne?), mentre un'altra donna è in ascolto appoggiata a un basso pilastro","Un'altra copia della stessa composizione nella Casa di Caio Ceio (VI 17, 15-17), sebbene in scarse condizioni, sembra essere stata realizzata dal medesimo pittore",Mitologico,30-45 d.C.,Inghilterra,Londra,Pubblico,The British Museum,"1867,0508.1353",1867,Acquisto
GB 002,Coppa (?),Bronzo,Missing Value,Missing Value,Missing Value,Missing Value,"12,7 cm",Discreto,"Disco bronzeo molto probabilmente pertinente a una coppa, sicché il bassorilievo può ragionevolmente essere l'elemento decorativo (emblema) della parte interna. Il lato figurato mostra Ermes che inventa la lira",Missing Value,Mitologico,1-79 d.C.,Inghilterra,Londra,Pubblico,The British Museum,"1867,0508.765",1867,Acquisto
GB 003,Commestibili,Vegetale,Missing Value,Missing Value,Missing Value,Missing Value,Missing Value,Discreto,Fichi e pezzi di pane carbonizzati,Missing Value,Missing Value,79 d.C.,Inghilterra,Londra,Pubblico,The British Museum,"1772,0311.92-93",1772,Acquisto
GB 004,Pittura Murale,Intonaco,19 cm,Missing Value,29 cm,Missing Value,Missing Value,Scarso,"Pittura murale in Terzo Stile. Due anatre puntate verso destra, su sfondo bluastro-grigio; il loro piumaggio è indaco e seppia",Missing Value,Animale,20-45 d.C.,Inghilterra,Londra,Pubblico,The British Museum,"1772,0307.1",1772,Acquisto
GB 005,Stucco,Stucco,"5,5 cm",Missing Value,6 cm,4 cm,Missing Value,Scarso,Piccolo frammento di stucco dipinto in rosso bruno,Missing Value,Missing Value,1-79 d.C.,Inghilterra,Londra,Pubblico,Sir John Soane's Museum,L130,1837,Lascito
GB 006,Pittura Murale,Intonaco,48 cm,Missing Value,48 cm,2 cm,Missing Value,Discreto,"Pittura murale in Quarto Stile. Il pannello raffigura la scena di Ulisse che resiste al canto delle sirene: Ulisse è legato all'albero della nave; le Sirene sono appollaiate su alte rocce, con le ossa delle vittime precedenti attorno a loro. Una sirena suona il flauto doppio, un'altra la lira, e la terza sta presumibilmente cantando",Appartenente allo stesso ciclo pittorico di GB 007,Mitologico,50-75 d.C.,Inghilterra,Londra,Pubblico,The British Museum,"1867,0508.1354",1867,Acquisto
GB 007,Pittura Murale,Intonaco,"35,5 cm",Missing Value,"34,5 cm",Missing Value,Missing Value,Discreto,"Pittura murale in Quarto Stile. Il pannello raffigura la scena della caduta in mare di Icaro mentre suo padre Dedalo vola inconsapevole. Lo sfondo è un'ambientazione romana, con una città costiera fortificata e un anfiteatro. Al centro dell'immagine è il graffito DONATOS",Appartenente allo stesso ciclo pittorico di GB 006,Mitologico,50-75 d.C.,Inghilterra,Londra,Pubblico,The British Museum,"1867,0508.1355",1867,Acquisto
GB 008,Pittura Murale,Intonaco,"11,5 cm",Missing Value,24 cm,Missing Value,Missing Value,Discreto,"Pittura murale in Quarto Stile. Frammento raffigurante, su sfondo bianco, un uccello verde dalla lunga coda rosata, rivolto a sinistra, beccante due ciliegie; dietro il volatile sono altre due ciliegie",Missing Value,"Animale;
Vegetale",50-79 d.C.,Inghilterra,Londra,Pubblico,The British Museum,"1867,0508.1359",1867,Acquisto
GB 009,Candelabro,"Bronzo;
Ottone","57,1 cm","28,5 cm","26,4 cm",Missing Value,Missing Value,Ottimo,"Sostegno bronzeo per tre lucerne da sospensione. Base di supporto rettangolare in ottone, sorretta da quattro zampe di leone su plinti circolari, dalla quale si erge un fusto triangolare con angoli costolati formanti pannelli lisci – decorati da testa e zampe anteriori di pantera – su ogni lato. Alla sommità del fusto è un capitello triangolare ornato su ciascuna faccia con una palmetta applicata. Da ogni angolo del capitello diparte un elaborato gancio a forma di foglie a volute con un pomello floreale",Missing Value,"Animale;
Vegetale",1-79 d.C.,Inghilterra,Londra,Pubblico,The British Museum,"1867,0508.390",1867,Acquisto
GB 010,Epigrafe,Calcare,"33,2 cm",Missing Value,"44,3 cm","5,5 cm",Missing Value,Discreto,"Lastra calcarea con iscrizione osca su cinque linee,  ductus destrorso: V · PÚPIDIIS · V / MED · TÚV / AAMANAFFED / ÍSÍDU / PRÚFATTED ",Lettere colorate con vernice rossa in epoca moderna,Missing Value,200-150 a.C.,Inghilterra,Londra,Pubblico,The British Museum,"1867,0508.76",1867,Acquisto
GB 011,Statuetta,Bronzo,"16,5 cm",Missing Value,Missing Value,Missing Value,Missing Value,Buono,"Statuetta bronzea di una giovenca stante. Il pelo sulla fronte della testa, sul collo, e sul petto è inciso",Cfr. FR 001,Animale,100-1 a.C.,Inghilterra,Londra,Pubblico,The British Museum,"1873,0820.255",1873,Acquisto
GB 012,Maniglia di Porta,Bronzo,Missing Value,"20,3 cm",Missing Value,Missing Value,Missing Value,Discreto,"Maniglia di porta, in bronzo,  conformata a delfino",Missing Value,Animale,100 a.C.,Inghilterra,Londra,Pubblico,The British Museum,"1918,0101.26",1772 (?),Acquisto
GB 013,Amuleto,Bronzo,Missing Value,"2,5 cm",Missing Value,Missing Value,Missing Value,Buono,Amuleto bronzeo rappresentante una capra marina,Missing Value,Mitologico,1-79 d.C.,Inghilterra,Londra,Pubblico,The British Museum,"1946,0702.6",1946,Dono
GB 014,Bracciale,Oro,8 cm,Missing Value,"8,8 cm",3 cm,Missing Value,Eccellente,"Bracciale aureo conformato a serpente, le cui testa e coda sinuosa sono decorate da una trama cesellata riproducente le squame ",Missing Value,Animale,1-79 d.C.,Inghilterra,Londra,Pubblico,The British Museum,"1946,0702.2",1946,Dono
GB 015,Bracciale,Oro,Missing Value,Missing Value,"8,9 cm",Missing Value,Missing Value,Missing Value,Bracciale aureo costituito da quattro fili intrecciati desinenti in una protome di ariete,Missing Value,Animale,1-79 d.C.,Inghilterra,Londra,Pubblico,The British Museum,"1946,0702.5",1946,Dono
GB 016,Orecchini,Oro,Missing Value,Missing Value,Missing Value,Missing Value,"3,1 cm",Eccellente,"Coppia di orecchini aurei a tortiglione, ambedue desinenti in una protome di toro",Missing Value,Animale,1-79 d.C.,Inghilterra,Londra,Pubblico,The British Museum,"1946,0702.3",1946,Dono
GB 017,Bracciale,Oro,Missing Value,"24,1 cm",Missing Value,Missing Value,Missing Value,Ottimo,"Bracciale aureo composto da due serie di undici semisfere cave (ventidue in totale), interconnesse mediante anellini; le semisfere parallelamente accoppiate sono divise da una doppia fila di sferette    ",Mancante del perno di chiusura che si inseriva nei cinque piccoli anelli – incastrantisi tra loro – posti alle estremità del bracciale,Missing Value,1-79 d.C.,Inghilterra,Londra,Pubblico,The British Museum,"1946,0702.1",1946,Dono
GB 018,Stucco,Stucco,Missing Value,Missing Value,Missing Value,Missing Value,Missing Value,Discreto,Soffitto a lacunari in Quarto Stile. Fascia laterale dipinta in rosso e bande divisorie acrome caratterizzate da una cornice a doppi ovoli,Due piccoli frammenti,Missing Value,62-79 d.C.,Inghilterra,Londra,Pubblico,Sir John Soane's Museum,L131,1837,Lascito
GB 019,Erma,Bronzo,"58,5 cm",Missing Value,Missing Value,Missing Value,Missing Value,Buono,"Erma bronzea, di piccole dimensioni, raffigurante un giovane satiro. Il corpo è completamente avvolto da un mantello, il quale copre parzialmente anche il pilastrino. Il braccio sinistra è appoggiato sul fianco e il braccio destro è sollevato vicino il petto. La testa volge verso l'alto    ",Missing Value,Mitologico,1-33 d.C.,Inghilterra,Woburn,Privato,Woburn Abbey and Gardens,84,1815,Dono
GB 020,Brocca,Bronzo,"40,6 cm",Missing Value,Missing Value,Missing Value,Missing Value,Buono,"Brocca bronzea, tipo Tassinari B1222, con decorazione fitomorfa lungo l'ansa verticale a nastro. Quest'ultima è caratterizzata all'attacatura superiore (fiancheggiata su entrambi i lati da una protome di capra) da una foglia di acanto – ricurva e sopraelevata – e all'attaccatura inferiore da un gorgoneion (testa di Medusa) – in rilievo – ",Missing Value,"Animale;
Mitologico;
Vegetale",1-79 d.C.,Inghilterra,Londra,Pubblico,The British Museum,"1867,0508.720",1867,Acquisto
GB 021,Candelabro,Bronzo,"124,3 cm",Missing Value,"23,3 cm",Missing Value,Missing Value,Buono,"Candelabro bronzeo con fusto scanalato retto da tre piedi conformati a zampe leonine, separati da foglie di edera; nella parte superiore c'è un plateau campaniforme",Missing Value,"Animale;
Vegetale",1-79 d.C.,Inghilterra,Londra,Pubblico,The British Museum,"1867,0508.832",1867,Acquisto
GB 022,Gemma,Pasta Vitrea,Missing Value,"1,9 cm","1,7 cm",Missing Value,Missing Value,Discreto,"Gemma di pasta vitrea a imitazione dell'ametista, recante inciso a sinistra Ercole – coperto con una pelle di leone – seduto su una roccia (dietro la quale ci sono arco e faretra dell'eroe), e adestra una donna nuda con lunghi capelli (la ninfa Nemea?)",Missing Value,Mitologico,1-79 d.C.,Inghilterra,Londra,Pubblico,The British Museum,"1867,0507.348",1867,Acquisto
GB 023,Gemma,Pasta Vitrea,Missing Value,"1,3 cm","0,9 cm",Missing Value,Missing Value,Buono,"Gemma di pasta vitrea, blu scura trasparente rivestita di bianco opaco, recante incisa una foglia di vite",Missing Value,Vegetale,1-79 d.C.,Inghilterra,Londra,Pubblico,The British Museum,"1867,0507.206",1867,Acquisto
GB 024,Mosaico,Pietra,Missing Value,18 cm,17 cm,Missing Value,Missing Value,Scarso,Frammento di mosaico composto da tessere quadrangolari bianche ,Missing Value,Missing Value,1-79 d.C.,Inghilterra,Oxford,Pubblico,Ashmolean Museum,AN1836 p.125.123,1824,Dono
GB 025,Stucco,Stucco,Missing Value,Missing Value,Missing Value,Missing Value,Missing Value,Scarso,Set di quattro frammenti di stucco,Missing Value,Missing Value,1-79 d.C.,Inghilterra,Oxford,Pubblico,Ashmolean Museum,AN1836 p.125.124-127,1827,Dono
GB 026,Anfora,Argilla,Missing Value,Missing Value,Missing Value,Missing Value,Missing Value,Buono,"Anfora fittile da trasporto, tipo Dressel 21-22 - Botte 2","Mancante dell'orlo, di parte del collo e di un'ansa.

Su entrambe le facce, all'estremità inferiore del collo, sono due fori passanti subcircolari in allineamento orizzontale (fori di sospensione?), probabilmente praticati in epoca moderna",Missing Value,27 a.C. - 79 d.C.,Inghilterra,Liverpool,Pubblico,National Museums Liverpool - World Museum,59.148.1025,1959,Dono
RU 001,Pittura Murale,Intonaco,22 cm,Missing Value,18 cm,"1,2 cm",Missing Value,Discreto,"Pittura murale in Terzo Stile. Frammento raffigurante, su sfondo ocra, la parte superiore di Bacco con tirso",Missing Value,Mitologico,20-50 d.C.,Russia,Mosca,Pubblico,Государственный музей изобразительных искусств имени А.С. Пушкина,Апр 1404,1945,Confisca
RU 002,Pittura Murale,Intonaco,19 cm,Missing Value,"17,5 cm","1,2 cm",Missing Value,Discreto,"Pittura murale in Terzo Stile. Frammento raffigurante in nero, su sfondo ocra, un sacerdote egiziano che tiene un sistro nella sua mano destra",Missing Value,Umano,20-50 d.C.,Russia,Mosca,Pubblico,Государственный музей изобразительных искусств имени А.С. Пушкина,Апр 143 (139),1945,Confisca
RU 003,Rilievo,Argilla,"27,6 cm",Missing Value,26 cm,5 cm,Missing Value,Buono,Rilievo architettonico fittile raffigurante una Nereide in groppa a un cavallo marino,Missing Value,Mitologico,27 a.C. - 37 d.C.,Russia,Mosca,Pubblico,Государственный музей изобразительных искусств имени А.С. Пушкина,АТ 3457 (753),1945,Confisca
RU 004,Lanterna,Bronzo,Missing Value,Missing Value,Missing Value,Missing Value,Missing Value,Scarso,Bruciatore bronzeo appartenente a una lanterna,"Seriamente danneggiato dal fuoco, il bruciatore è presumibilmente connesso con la lanterna DE 009",Missing Value,1-79 d.C.,Russia,Mosca,Pubblico,Государственный музей изобразительных искусств имени А.С. Пушкина,Абр 3267,1945,Confisca
Missing Value,Missing Value,Missing Value,Missing Value,Missing Value,Missing Value,Missing Value,Missing Value,Missing Value,Missing Value,Missing Value,Missing Value,Missing Value,Missing Value,Missing Value,Missing Value,Missing Value,Missing Value,Missing Value,Missing Value
