ID,ID SCAVO,Toponimo,Regio,Insula,Civico,Stanza,Informazioni di Dettaglio,Indicazioni Generali,Giorno,Mese,Anno,Soprintendente,Architetto Direttore,Note,Archivio,Segnatura,Riferimento PAH,Citazione
BE 001,1.0,Missing Value,Missing Value,Missing Value,Missing Value,Missing Value,Missing Value,Missing Value,Missing Value,Missing Value,ante 1802 (?),Missing Value,Missing Value,Missing Value,Missing Value,Missing Value,Missing Value,Missing Value
CH 001,2.0,Missing Value,Missing Value,Missing Value,Missing Value,Missing Value,Missing Value,Missing Value,Missing Value,Missing Value,Missing Value,Missing Value,Missing Value,Nessun dato di scavo è disponibile per questo reperto,Missing Value,Missing Value,Missing Value,Missing Value
CH 002,3.0,Missing Value,Missing Value,Missing Value,Missing Value,Missing Value,Missing Value,Missing Value,Missing Value,Missing Value,Missing Value,Missing Value,Missing Value,Nessun dato di scavo è disponibile per questo reperto,Missing Value,Missing Value,Missing Value,Missing Value
CH 003,4.0,Teatro Grande,VIII,7,20-21; 27,Missing Value,Missing Value,Missing Value,Missing Value,Missing Value,1818,Michele Arditi,Antonio Bonucci,Missing Value,Missing Value,Missing Value,Missing Value,Missing Value
CH 004,5.0,Missing Value,Missing Value,Missing Value,Missing Value,Missing Value,Missing Value,Missing Value,Missing Value,Missing Value,1812,Michele Arditi,Pietro La Vega,Missing Value,Missing Value,Missing Value,Missing Value,Missing Value
CH 005,6.0,Missing Value,Missing Value,Missing Value,Missing Value,Missing Value,Missing Value,Missing Value,Missing Value,Missing Value,Missing Value,Missing Value,Missing Value,Missing Value,Missing Value,Missing Value,Missing Value,Missing Value
CH 006,7.0,Missing Value,Missing Value,Missing Value,Missing Value,Missing Value,Missing Value,Missing Value,Missing Value,Missing Value,Missing Value,Missing Value,Missing Value,Nessun dato di scavo è disponibile per questo reperto,Missing Value,Missing Value,Missing Value,Missing Value
DE 001,8.0,Foro Triangolare,VIII,7,30,Missing Value,Portico Est,"vicino al Tempio Dorico, ma verosimilmente adoperato nel Tempio di Iside (VIII 7, 27-28)",26,Maggio,1813,Michele Arditi,Pietro La Vega,Missing Value,Missing Value,Missing Value,"I,3, p. 112","«26 Maggio [1813] – Questa sera nel levarsi mano al lavoro, al portico superiore del Teatro, e propriamente da quella banda che va a sporgere verso il Tempio sul fare di quelli di Pesto, si sono trovate accumulate per la strada le seguenti cose preziose: […] Argento. [...] Una secchia istoriata con figure ed altro, di semplici linee»"
DE 001,8.0,Missing Value,Missing Value,Missing Value,Missing Value,Missing Value,Missing Value,Missing Value,Missing Value,Missing Value,Missing Value,Missing Value,Missing Value,Missing Value,Missing Value,Missing Value,"I,3, Addenda, pp. 266, 269 ","«26 Maggio [1813] – Oggetti preziosi trovati accumulati nel portico superiore del Teatro, verso la parte che sporge al Tempio greco. [...] Il secchietto ha sopra un'ara un montone che ha la fascia nel mezzo: ecco dunque il sagrificio. Altra figura ha foglie di loto sul capo. Appresso quasi sopra torri siegue una scimia. Appresso vien fuoco sopra torri o ara. Appresso vien figura, che ha uccello sul capo e forse ibi e non sparviero, perchè ha il collo lungo e tortuoso. Siegue un coccodrillo e più sotto una serpe, con barba quasi e corona in testa, sopra un'ara»  "
DE 002,9.0,Casa del Re di Prussia,VII,9,33-34,Missing Value,Missing Value,Missing Value,27,Novembre,1822,Michele Arditi,Antonio Bonucci,"Edificio noto poi anche – più correttamente – come Caupona di Donatus e Verpus (VII 9, 33-34)",Napoli ASN,"Ministero degli Affari Interni, Inventario II, “Antichità e belle arti”, b. 1978, fasc. 29","II,4, pp. 64-65","«28 Novembre [1822] – Gli oggetti che furono ieri rinvenuti nello scavo di una antica abitazione, eseguito alla presenza di Sua Maestà Prussiana, […] furono i seguenti. [...] Osso. […] varj pezzi di stromento da fiato»"
DE 002,9.0,Missing Value,Missing Value,Missing Value,Missing Value,Missing Value,Missing Value,Missing Value,Missing Value,Missing Value,Missing Value,Missing Value,Missing Value,Missing Value,Missing Value,Missing Value,"III, pp. 34-35","«27 Novembre [1822] – In detto giorno si portò su dei scavi S.M. il Re di Prussia, ed in sua presenza fu disterrata la prima abitazione, che resta su la sinistra della strada da dietro il Calcidico, e proprio ove si vede il quadretto osceno, munito da stipetto, ove si rinvennero li seguenti oggetti. [...] Osso. [...] Varii pezzi di flauto»   "
DE 003,10.0,Casa di Pansa,VI,6,1; 8; 11-13,Missing Value,Missing Value,Missing Value,14,Dicembre,1813,Michele Arditi,Pietro La Vega,Missing Value,Missing Value,Missing Value,"I,3, p. 139","«15 Dicembre [1813] – [...] Il martedì [...] vi si portarono i nostri Sovrani. Si cavarono in loro presenza, e spezialmente della Regina, più locali preparatile alla casa dietro quella di Atteone. [...] Vicino al detto luogo ricercato si rinvenne un bel vaso di argento col suo manico e piede gentilmente ornato. Il corpo dello stesso è ornato da bassorilievo istoriato»"
DE 003,10.0,Missing Value,Missing Value,Missing Value,Missing Value,Missing Value,Missing Value,Missing Value,Missing Value,Missing Value,Missing Value,Missing Value,Missing Value,Missing Value,Missing Value,Missing Value,"I,3, Addenda, p. 271",«15 Decembre [1813] – Oggetti trovati nella casa detta di Pansa in presenza delle LL. MM. Vaso di argento istoriato» 
DE 003,10.0,Missing Value,Missing Value,Missing Value,Missing Value,Missing Value,Missing Value,Missing Value,Missing Value,Missing Value,Missing Value,Missing Value,Missing Value,Missing Value,Missing Value,Missing Value,"I,3, Addenda, p. 271","«23 Decembre [1813] – Oggetti trovati a Pompei avanti a S. M. la Regina il dì 14 decembre 1813 [...]. Argento. Vaso alto once 7 ½ con piede dissaldato, di elegante forma, ad un manico ornato allo scudetto con testa di Pane e lunghe corna, che formano il manico» "
DE 004,11.0,Missing Value,Missing Value,Missing Value,Missing Value,Missing Value,Missing Value,Missing Value,Missing Value,Missing Value,Missing Value,Missing Value,Missing Value,La provenienza pompeiana è incerta,Missing Value,Missing Value,Missing Value,Missing Value
DE 005,12.0,Terme del Foro (?),VII,5 / 6,2; 7-8; 10; 12; 24 (insula 5) / 17-18 (insula 6),Missing Value,Missing Value,Missing Value,Missing Value,Missing Value,1825,Michele Arditi,Antonio Bonucci,Missing Value,Missing Value,Missing Value,Missing Value,Missing Value
DE 006,13.0,Missing Value,Missing Value,Missing Value,Missing Value,Missing Value,Missing Value,Missing Value,Missing Value,Missing Value,Missing Value,Missing Value,Missing Value,Nessun dato di scavo è disponibile per questo reperto,Missing Value,Missing Value,Missing Value,Missing Value
DE 007,14.0,Casa dei Dioscuri,VI,9,6; 9,45,Parete Ovest,Viridarium,1-7 (?),Luglio,1828,Michele Arditi,Niccola d'Apuzzo,Missing Value,Missing Value,Missing Value,"II,4, p. 213","«Luglio ed Agosto [1828] – Un nuovo giardinetto di fiori si è discoverto in fine del nobile appartamento privato, di cui si è fatta parola negli antecedenti Giornali [...] All'intorno si ammirano de' quadri graziosi; […] delle rappresentazioni sceniche»"
DE 008,15.0,Casa del Re di Prussia (?),VII,9,33-34,Missing Value,Missing Value,Missing Value,27 (?),Novembre (?),1822 (?),Michele Arditi,Antonio Bonucci,"Si tratterebbe dell'edificio noto poi anche – più correttamente – come Caupona di Donatus e Verpus (VII 9, 33-34)",Missing Value,Missing Value,Missing Value,Missing Value
DE 009,16.0,Casa del Re di Prussia,VII,9,33-34,Missing Value,Missing Value,Missing Value,27,Novembre,1822,Michele Arditi,Antonio Bonucci,"Edificio noto poi anche – più correttamente – come Caupona di Donatus e Verpus (VII 9, 33-34)",Napoli ASN,"Ministero degli Affari Interni, Inventario II, “Antichità e belle arti”, b. 1978, fasc. 29","II,4, pp. 64-65","«28 Novembre [1822] – Gli oggetti che furono ieri rinvenuti nello scavo di una antica abitazione, eseguito alla presenza di Sua Maestà Prussiana, […] furono i seguenti. Bronzo. […] Una lanterna rotta in più pezzi ed alcuni mancanti»"
DE 009,16.0,Missing Value,Missing Value,Missing Value,Missing Value,Missing Value,Missing Value,Missing Value,Missing Value,Missing Value,Missing Value,Missing Value,Missing Value,Missing Value,Missing Value,Missing Value,"III, p. 34","«27 Novembre [1822] – In detto giorno si portò su dei scavi S.M. il Re di Prussia, ed in sua presenza fu disterrata la prima abitazione, che resta su la sinistra della strada da dietro il Calcidico, e proprio ove si vede il quadretto osceno, munito da stipetto, ove si rinvennero li seguenti oggetti. Bronzo. [...] Un'aretta rotta»   "
DE 010,17.0,Casa del Re di Prussia,VII,9,33-34,Missing Value,Missing Value,Missing Value,27,Novembre,1822,Michele Arditi,Antonio Bonucci,"Edificio noto poi anche – più correttamente – come Caupona di Donatus e Verpus (VII 9, 33-34)",Napoli ASN,"Ministero degli Affari Interni, Inventario II, “Antichità e belle arti”, b. 1978, fasc. 29","II,4, pp. 64-65","«28 Novembre [1822] – Gli oggetti che furono ieri rinvenuti nello scavo di una antica abitazione, eseguito alla presenza di Sua Maestà Prussiana, […] furono i seguenti. Bronzo. […] Una bilancia con una coppa distaccata, l'asta della quale è di lungh. pal. 1 ed on. 7»"
DE 010,17.0,Missing Value,Missing Value,Missing Value,Missing Value,Missing Value,Missing Value,Missing Value,Missing Value,Missing Value,Missing Value,Missing Value,Missing Value,Missing Value,Missing Value,Missing Value,"III, p. 34","«27 Novembre [1822] – In detto giorno si portò su dei scavi S.M. il Re di Prussia, ed in sua presenza fu disterrata la prima abitazione, che resta su la sinistra della strada da dietro il Calcidico, e proprio ove si vede il quadretto osceno, munito da stipetto, ove si rinvennero li seguenti oggetti. Bronzo. [...] Una bilancia ad una coppa dissaldata»   "
DE 011,18.0,Casa del Re di Prussia,VII,9,33-34,Missing Value,Missing Value,Missing Value,27,Novembre,1822,Michele Arditi,Antonio Bonucci,"Edificio noto poi anche – più correttamente – come Caupona di Donatus e Verpus (VII 9, 33-34)",Napoli ASN,"Ministero degli Affari Interni, Inventario II, “Antichità e belle arti”, b. 1978, fasc. 29","II,4, pp. 64-65","«28 Novembre [1822] – Gli oggetti che furono ieri rinvenuti nello scavo di una antica abitazione, eseguito alla presenza di Sua Maestà Prussiana, […] furono i seguenti. Bronzo. […] Due vasettini col collo stretto, [...] l'altro è ripieno di piombo, di altezza ciascuno circa on. 4»"
DE 011,18.0,Missing Value,Missing Value,Missing Value,Missing Value,Missing Value,Missing Value,Missing Value,Missing Value,Missing Value,Missing Value,Missing Value,Missing Value,Missing Value,Missing Value,Missing Value,"III, p. 34","«27 Novembre [1822] – In detto giorno si portò su dei scavi S.M. il Re di Prussia, ed in sua presenza fu disterrata la prima abitazione, che resta su la sinistra della strada da dietro il Calcidico, e proprio ove si vede il quadretto osceno, munito da stipetto, ove si rinvennero li seguenti oggetti. Bronzo. [...] Due vasettini pieni di piombo per uso di pesi»   "
DE 012,19.0,Casa del Re di Prussia,VII,9,33-34,Missing Value,Missing Value,Missing Value,27,Novembre,1822,Michele Arditi,Antonio Bonucci,"Edificio noto poi anche – più correttamente – come Caupona di Donatus e Verpus (VII 9, 33-34)",Napoli ASN,"Ministero degli Affari Interni, Inventario II, “Antichità e belle arti”, b. 1978, fasc. 29","II,4, pp. 64-65","«28 Novembre [1822] – Gli oggetti che furono ieri rinvenuti nello scavo di una antica abitazione, eseguito alla presenza di Sua Maestà Prussiana, […] furono i seguenti. Bronzo. […] Due piccioli calamai»"
DE 012,19.0,Missing Value,Missing Value,Missing Value,Missing Value,Missing Value,Missing Value,Missing Value,Missing Value,Missing Value,Missing Value,Missing Value,Missing Value,Missing Value,Missing Value,Missing Value,"III, p. 34","«27 Novembre [1822] – In detto giorno si portò su dei scavi S.M. il Re di Prussia, ed in sua presenza fu disterrata la prima abitazione, che resta su la sinistra della strada da dietro il Calcidico, e proprio ove si vede il quadretto osceno, munito da stipetto, ove si rinvennero li seguenti oggetti. Bronzo. [...] Due pezzi di astuccio»   "
DE 013,20.0,Casa del Re di Prussia,VII,9,33-34,Missing Value,Missing Value,Missing Value,27,Novembre,1822,Michele Arditi,Antonio Bonucci,"Edificio noto poi anche – più correttamente – come Caupona di Donatus e Verpus (VII 9, 33-34)",Napoli ASN,"Ministero degli Affari Interni, Inventario II, “Antichità e belle arti”, b. 1978, fasc. 29","II,4, pp. 64-65","«28 Novembre [1822] – Gli oggetti che furono ieri rinvenuti nello scavo di una antica abitazione, eseguito alla presenza di Sua Maestà Prussiana, […] furono i seguenti. Bronzo. […] Due piccioli calamai»"
DE 013,20.0,Missing Value,Missing Value,Missing Value,Missing Value,Missing Value,Missing Value,Missing Value,Missing Value,Missing Value,Missing Value,Missing Value,Missing Value,Missing Value,Missing Value,Missing Value,"III, p. 34","«27 Novembre [1822] – In detto giorno si portò su dei scavi S.M. il Re di Prussia, ed in sua presenza fu disterrata la prima abitazione, che resta su la sinistra della strada da dietro il Calcidico, e proprio ove si vede il quadretto osceno, munito da stipetto, ove si rinvennero li seguenti oggetti. Bronzo. [...] Due pezzi di astuccio»   "
DE 014,21.0,Casa del Re di Prussia,VII,9,33-34,Missing Value,Missing Value,Missing Value,27,Novembre,1822,Michele Arditi,Antonio Bonucci,"Edificio noto poi anche – più correttamente – come Caupona di Donatus e Verpus (VII 9, 33-34)",Napoli ASN,"Ministero degli Affari Interni, Inventario II, “Antichità e belle arti”, b. 1978, fasc. 29","II,4, pp. 64-65","«28 Novembre [1822] – Gli oggetti che furono ieri rinvenuti nello scavo di una antica abitazione, eseguito alla presenza di Sua Maestà Prussiana, […] furono i seguenti. Bronzo. […] Due pezzi serviti forse per piedi da letto»"
DE 014,21.0,Missing Value,Missing Value,Missing Value,Missing Value,Missing Value,Missing Value,Missing Value,Missing Value,Missing Value,Missing Value,Missing Value,Missing Value,Missing Value,Missing Value,Missing Value,"III, p. 34","«27 Novembre [1822] – In detto giorno si portò su dei scavi S.M. il Re di Prussia, ed in sua presenza fu disterrata la prima abitazione, che resta su la sinistra della strada da dietro il Calcidico, e proprio ove si vede il quadretto osceno, munito da stipetto, ove si rinvennero li seguenti oggetti. Bronzo. [...] Due pezzi di guarnizione di letto»   "
DE 015,22.0,Casa del Re di Prussia,VII,9,33-34,Missing Value,Missing Value,Missing Value,27,Novembre,1822,Michele Arditi,Antonio Bonucci,"Edificio noto poi anche – più correttamente – come Caupona di Donatus e Verpus (VII 9, 33-34)",Napoli ASN,"Ministero degli Affari Interni, Inventario II, “Antichità e belle arti”, b. 1978, fasc. 29","II,4, pp. 64-65","«28 Novembre [1822] – Gli oggetti che furono ieri rinvenuti nello scavo di una antica abitazione, eseguito alla presenza di Sua Maestà Prussiana, […] furono i seguenti. Bronzo. […] Due pezzi serviti forse per piedi da letto»"
DE 015,22.0,Missing Value,Missing Value,Missing Value,Missing Value,Missing Value,Missing Value,Missing Value,Missing Value,Missing Value,Missing Value,Missing Value,Missing Value,Missing Value,Missing Value,Missing Value,"III, p. 34","«27 Novembre [1822] – In detto giorno si portò su dei scavi S.M. il Re di Prussia, ed in sua presenza fu disterrata la prima abitazione, che resta su la sinistra della strada da dietro il Calcidico, e proprio ove si vede il quadretto osceno, munito da stipetto, ove si rinvennero li seguenti oggetti. Bronzo. [...] Due pezzi di guarnizione di letto»   "
DE 016,23.0,Casa del Re di Prussia,VII,9,33-34,Missing Value,Missing Value,Missing Value,27,Novembre,1822,Michele Arditi,Antonio Bonucci,"Edificio noto poi anche – più correttamente – come Caupona di Donatus e Verpus (VII 9, 33-34)",Napoli ASN,"Ministero degli Affari Interni, Inventario II, “Antichità e belle arti”, b. 1978, fasc. 29","II,4, pp. 64-65","«28 Novembre [1822] – Gli oggetti che furono ieri rinvenuti nello scavo di una antica abitazione, eseguito alla presenza di Sua Maestà Prussiana, […] furono i seguenti. Bronzo. […] Tre scibe per porte»"
DE 016,23.0,Missing Value,Missing Value,Missing Value,Missing Value,Missing Value,Missing Value,Missing Value,Missing Value,Missing Value,Missing Value,Missing Value,Missing Value,Missing Value,Missing Value,Missing Value,"III, p. 34","«27 Novembre [1822] – In detto giorno si portò su dei scavi S.M. il Re di Prussia, ed in sua presenza fu disterrata la prima abitazione, che resta su la sinistra della strada da dietro il Calcidico, e proprio ove si vede il quadretto osceno, munito da stipetto, ove si rinvennero li seguenti oggetti. Bronzo. [...] Tre scibe di porta»   "
DE 017,24.0,Casa del Re di Prussia,VII,9,33-34,Missing Value,Missing Value,Missing Value,27,Novembre,1822,Michele Arditi,Antonio Bonucci,"Edificio noto poi anche – più correttamente – come Caupona di Donatus e Verpus (VII 9, 33-34)",Napoli ASN,"Ministero degli Affari Interni, Inventario II, “Antichità e belle arti”, b. 1978, fasc. 29","II,4, pp. 64-65","«28 Novembre [1822] – Gli oggetti che furono ieri rinvenuti nello scavo di una antica abitazione, eseguito alla presenza di Sua Maestà Prussiana, […] furono i seguenti. Bronzo. […] Tre scibe per porte»"
DE 017,24.0,Missing Value,Missing Value,Missing Value,Missing Value,Missing Value,Missing Value,Missing Value,Missing Value,Missing Value,Missing Value,Missing Value,Missing Value,Missing Value,Missing Value,Missing Value,"III, p. 34","«27 Novembre [1822] – In detto giorno si portò su dei scavi S.M. il Re di Prussia, ed in sua presenza fu disterrata la prima abitazione, che resta su la sinistra della strada da dietro il Calcidico, e proprio ove si vede il quadretto osceno, munito da stipetto, ove si rinvennero li seguenti oggetti. Bronzo. [...] Tre scibe di porta»   "
DE 018,25.0,Casa del Re di Prussia,VII,9,33-34,Missing Value,Missing Value,Missing Value,27,Novembre,1822,Michele Arditi,Antonio Bonucci,"Edificio noto poi anche – più correttamente – come Caupona di Donatus e Verpus (VII 9, 33-34)",Napoli ASN,"Ministero degli Affari Interni, Inventario II, “Antichità e belle arti”, b. 1978, fasc. 29","II,4, pp. 64-65","«28 Novembre [1822] – Gli oggetti che furono ieri rinvenuti nello scavo di una antica abitazione, eseguito alla presenza di Sua Maestà Prussiana, […] furono i seguenti. Bronzo. […] Tre scibe per porte»"
DE 018,25.0,Missing Value,Missing Value,Missing Value,Missing Value,Missing Value,Missing Value,Missing Value,Missing Value,Missing Value,Missing Value,Missing Value,Missing Value,Missing Value,Missing Value,Missing Value,"III, p. 34","«27 Novembre [1822] – In detto giorno si portò su dei scavi S.M. il Re di Prussia, ed in sua presenza fu disterrata la prima abitazione, che resta su la sinistra della strada da dietro il Calcidico, e proprio ove si vede il quadretto osceno, munito da stipetto, ove si rinvennero li seguenti oggetti. Bronzo. [...] Tre scibe di porta»   "
DE 019,26.0,Casa del Re di Prussia (?),VII,9,33-34,Missing Value,Missing Value,Missing Value,27 (?),Novembre (?),1822 (?),Michele Arditi,Antonio Bonucci,"Si tratterebbe dell'edificio noto poi anche – più correttamente – come Caupona di Donatus e Verpus (VII 9, 33-34)",Missing Value,Missing Value,Missing Value,Missing Value
DE 020,27.0,Casa del Re di Prussia,VII,9,33-34,Missing Value,Missing Value,Missing Value,27,Novembre,1822,Michele Arditi,Antonio Bonucci,"Edificio noto poi anche – più correttamente – come Caupona di Donatus e Verpus (VII 9, 33-34)",Napoli ASN,"Ministero degli Affari Interni, Inventario II, “Antichità e belle arti”, b. 1978, fasc. 29","II,4, pp. 64-65","«28 Novembre [1822] – Gli oggetti che furono ieri rinvenuti nello scavo di una antica abitazione, eseguito alla presenza di Sua Maestà Prussiana, […] furono i seguenti. Bronzo. […] Altra conca di figura ellittica unga pal. 1 ed on. 8, larga pal. 1»"
DE 020,27.0,Missing Value,Missing Value,Missing Value,Missing Value,Missing Value,Missing Value,Missing Value,Missing Value,Missing Value,Missing Value,Missing Value,Missing Value,Missing Value,Missing Value,Missing Value,"III, p. 34","«27 Novembre [1822] – In detto giorno si portò su dei scavi S.M. il Re di Prussia, ed in sua presenza fu disterrata la prima abitazione, che resta su la sinistra della strada da dietro il Calcidico, e proprio ove si vede il quadretto osceno, munito da stipetto, ove si rinvennero li seguenti oggetti. Bronzo. [...] Altra conca di figura ovale»   "
DE 021,28.0,Casa del Re di Prussia,VII,9,33-34,Missing Value,Missing Value,Missing Value,27,Novembre,1822,Michele Arditi,Antonio Bonucci,"Edificio noto poi anche – più correttamente – come Caupona di Donatus e Verpus (VII 9, 33-34)",Napoli ASN,"Ministero degli Affari Interni, Inventario II, “Antichità e belle arti”, b. 1978, fasc. 29","II,4, p. 64","«28 Novembre [1822] – Gli oggetti che furono ieri rinvenuti nello scavo di una antica abitazione, eseguito alla presenza di Sua Maestà Prussiana, […] furono i seguenti. Bronzo. […] altra pentola più piccola e molto rotta nel fondo, di alt. on. 7, diam. nel corpo on. 10»"
DE 021,28.0,Missing Value,Missing Value,Missing Value,Missing Value,Missing Value,Missing Value,Missing Value,Missing Value,Missing Value,Missing Value,Missing Value,Missing Value,Missing Value,Missing Value,Missing Value,"III, p. 34","«27 Novembre [1822] – In detto giorno si portò su dei scavi S.M. il Re di Prussia, ed in sua presenza fu disterrata la prima abitazione, che resta su la sinistra della strada da dietro il Calcidico, e proprio ove si vede il quadretto osceno, munito da stipetto, ove si rinvennero li seguenti oggetti. Bronzo. [...] Una pignatta rotta nel fondo»   "
DE 022,29.0,Casa del Re di Prussia,VII,9,33-34,Missing Value,Missing Value,Missing Value,27,Novembre,1822,Michele Arditi,Antonio Bonucci,"Edificio noto poi anche – più correttamente – come Caupona di Donatus e Verpus (VII 9, 33-34)",Napoli ASN,"Ministero degli Affari Interni, Inventario II, “Antichità e belle arti”, b. 1978, fasc. 29","II,4, p. 64","«28 Novembre [1822] – Gli oggetti che furono ieri rinvenuti nello scavo di una antica abitazione, eseguito alla presenza di Sua Maestà Prussiana, […] furono i seguenti. Bronzo. […] Altra pentola un poco più piccola dell'antecedente»"
DE 022,29.0,Missing Value,Missing Value,Missing Value,Missing Value,Missing Value,Missing Value,Missing Value,Missing Value,Missing Value,Missing Value,Missing Value,Missing Value,Missing Value,Missing Value,Missing Value,"III, p. 34","«27 Novembre [1822] – In detto giorno si portò su dei scavi S.M. il Re di Prussia, ed in sua presenza fu disterrata la prima abitazione, che resta su la sinistra della strada da dietro il Calcidico, e proprio ove si vede il quadretto osceno, munito da stipetto, ove si rinvennero li seguenti oggetti. Bronzo. [...] Una piccola cassaruola ad un manico dissaldato»   "
DE 023,30.0,Casa del Re di Prussia,VII,9,33-34,Missing Value,Missing Value,Missing Value,27,Novembre,1822,Michele Arditi,Antonio Bonucci,"Edificio noto poi anche – più correttamente – come Caupona di Donatus e Verpus (VII 9, 33-34)",Napoli ASN,"Ministero degli Affari Interni, Inventario II, “Antichità e belle arti”, b. 1978, fasc. 29","II,4, pp. 64-65","«28 Novembre [1822] – Gli oggetti che furono ieri rinvenuti nello scavo di una antica abitazione, eseguito alla presenza di Sua Maestà Prussiana, […] furono i seguenti. Bronzo. […] Due vasettini col collo stretto, uno de' quali ha il fondo staccato [...], di altezza ciascuno circa on. 4»"
DE 023,30.0,Missing Value,Missing Value,Missing Value,Missing Value,Missing Value,Missing Value,Missing Value,Missing Value,Missing Value,Missing Value,Missing Value,Missing Value,Missing Value,Missing Value,Missing Value,"III, p. 34","«27 Novembre [1822] – In detto giorno si portò su dei scavi S.M. il Re di Prussia, ed in sua presenza fu disterrata la prima abitazione, che resta su la sinistra della strada da dietro il Calcidico, e proprio ove si vede il quadretto osceno, munito da stipetto, ove si rinvennero li seguenti oggetti. Bronzo. [...] Due vasettini [...], uno dei quali rotto nel fondo»   "
DE 024,31.0,Missing Value,Missing Value,Missing Value,Missing Value,Missing Value,Missing Value,Missing Value,Missing Value,Missing Value,Missing Value,Missing Value,Missing Value,La provenienza pompeiana è incerta,Missing Value,Missing Value,Missing Value,Missing Value
DE 025,32.0,Missing Value,Missing Value,Missing Value,Missing Value,Missing Value,Missing Value,Missing Value,Missing Value,Missing Value,Missing Value,Missing Value,Missing Value,La provenienza pompeiana è incerta,Missing Value,Missing Value,Missing Value,Missing Value
DE 026,33.0,Missing Value,Missing Value,Missing Value,Missing Value,Missing Value,Missing Value,Missing Value,Missing Value,Missing Value,Missing Value,Missing Value,Missing Value,La provenienza pompeiana è incerta,Missing Value,Missing Value,Missing Value,Missing Value
DE 027,34.0,Missing Value,Missing Value,Missing Value,Missing Value,Missing Value,Missing Value,Missing Value,Missing Value,Missing Value,Missing Value,Missing Value,Missing Value,La provenienza pompeiana è incerta,Missing Value,Missing Value,Missing Value,Missing Value
DE 028,35.0,Missing Value,Missing Value,Missing Value,Missing Value,Missing Value,Missing Value,Missing Value,Missing Value,Missing Value,Missing Value,Missing Value,Missing Value,La provenienza pompeiana è incerta,Missing Value,Missing Value,Missing Value,Missing Value
DE 029,36.0,Missing Value,Missing Value,Missing Value,Missing Value,Missing Value,Missing Value,Missing Value,Missing Value,Missing Value,Missing Value,Missing Value,Missing Value,La provenienza pompeiana è incerta,Missing Value,Missing Value,Missing Value,Missing Value
DE 030,37.0,Missing Value,Missing Value,Missing Value,Missing Value,Missing Value,Missing Value,Missing Value,Missing Value,Missing Value,Missing Value,Missing Value,Missing Value,La provenienza pompeiana è incerta,Missing Value,Missing Value,Missing Value,Missing Value
DE 031,38.0,Missing Value,Missing Value,Missing Value,Missing Value,Missing Value,Missing Value,Missing Value,Missing Value,Missing Value,Missing Value,Missing Value,Missing Value,La provenienza pompeiana è incerta,Missing Value,Missing Value,Missing Value,Missing Value
DE 032,39.0,Missing Value,Missing Value,Missing Value,Missing Value,Missing Value,Missing Value,Missing Value,Missing Value,Missing Value,Missing Value,Missing Value,Missing Value,La provenienza pompeiana è incerta,Missing Value,Missing Value,Missing Value,Missing Value
DE 033,40.0,Missing Value,Missing Value,Missing Value,Missing Value,Missing Value,Missing Value,Missing Value,Missing Value,Missing Value,Missing Value,Missing Value,Missing Value,La provenienza pompeiana è incerta,Missing Value,Missing Value,Missing Value,Missing Value
DE 034,41.0,Missing Value,Missing Value,Missing Value,Missing Value,Missing Value,Missing Value,Missing Value,Missing Value,Missing Value,Missing Value,Missing Value,Missing Value,La provenienza pompeiana è incerta,Missing Value,Missing Value,Missing Value,Missing Value
DE 035,42.0,Missing Value,Missing Value,Missing Value,Missing Value,Missing Value,Missing Value,Missing Value,Missing Value,Missing Value,Missing Value,Missing Value,Missing Value,La provenienza pompeiana è incerta,Missing Value,Missing Value,Missing Value,Missing Value
DE 036,43.0,Missing Value,Missing Value,Missing Value,Missing Value,Missing Value,Missing Value,Missing Value,Missing Value,Missing Value,Missing Value,Missing Value,Missing Value,La provenienza pompeiana è incerta,Missing Value,Missing Value,Missing Value,Missing Value
DE 037,44.0,Missing Value,Missing Value,Missing Value,Missing Value,Missing Value,Missing Value,Missing Value,Missing Value,Missing Value,Missing Value,Missing Value,Missing Value,La provenienza pompeiana è incerta,Missing Value,Missing Value,Missing Value,Missing Value
DE 038,45.0,Missing Value,Missing Value,Missing Value,Missing Value,Missing Value,Missing Value,Missing Value,Missing Value,Missing Value,Missing Value,Missing Value,Missing Value,La provenienza pompeiana è incerta,Missing Value,Missing Value,Missing Value,Missing Value
DE 039,46.0,Vicolo di Eumachia,VII,Missing Value,Missing Value,Missing Value,Missing Value,Missing Value,10-14,Ottobre,1819,Michele Arditi,Antonio Bonucci,Missing Value,Missing Value,Missing Value,"II,4, p. 8","«15 Ottobre [1819] – Lo sterramento si continua negli stessi luoghi indicati col passato rapporto, ed in quello le di cui materie si trasportano a schiena di uomini, si sono rinvenuti nella spirante settimana i seguenti oggetti. Bronzo. […] Un suggello su cui sono incise queste parole: M · STRON FAVORI»"
DE 040,47.0,Missing Value,Missing Value,Missing Value,Missing Value,Missing Value,Missing Value,Missing Value,Missing Value,Missing Value,Missing Value,Missing Value,Missing Value,La provenienza pompeiana è incerta,Missing Value,Missing Value,Missing Value,Missing Value
DE 041,48.0,Missing Value,Missing Value,Missing Value,Missing Value,Missing Value,Missing Value,Missing Value,Missing Value,Missing Value,Missing Value,Missing Value,Missing Value,La provenienza pompeiana è incerta,Missing Value,Missing Value,Missing Value,Missing Value
DE 042,49.0,Missing Value,Missing Value,Missing Value,Missing Value,Missing Value,Missing Value,Missing Value,Missing Value,Missing Value,Missing Value,Missing Value,Missing Value,La provenienza pompeiana è incerta,Missing Value,Missing Value,Missing Value,Missing Value
DE 043,50.0,Missing Value,Missing Value,Missing Value,Missing Value,Missing Value,Missing Value,Missing Value,Missing Value,Missing Value,Missing Value,Missing Value,Missing Value,La provenienza pompeiana è incerta,Missing Value,Missing Value,Missing Value,Missing Value
DE 044,51.0,Missing Value,Missing Value,Missing Value,Missing Value,Missing Value,Missing Value,Missing Value,Missing Value,Missing Value,Missing Value,Missing Value,Missing Value,La provenienza pompeiana è incerta,Missing Value,Missing Value,Missing Value,Missing Value
DE 045,52.0,Missing Value,Missing Value,Missing Value,Missing Value,Missing Value,Missing Value,Missing Value,Missing Value,Missing Value,Missing Value,Missing Value,Missing Value,La provenienza pompeiana è incerta,Missing Value,Missing Value,Missing Value,Missing Value
DE 046,53.0,Missing Value,Missing Value,Missing Value,Missing Value,Missing Value,Missing Value,Missing Value,Missing Value,Missing Value,Missing Value,Missing Value,Missing Value,La provenienza pompeiana è incerta,Missing Value,Missing Value,Missing Value,Missing Value
DE 047,54.0,Missing Value,Missing Value,Missing Value,Missing Value,Missing Value,Missing Value,Missing Value,Missing Value,Missing Value,Missing Value,Missing Value,Missing Value,La provenienza pompeiana è incerta,Missing Value,Missing Value,Missing Value,Missing Value
DE 048,55.0,Missing Value,Missing Value,Missing Value,Missing Value,Missing Value,Missing Value,Missing Value,Missing Value,Missing Value,Missing Value,Missing Value,Missing Value,La provenienza pompeiana è incerta,Missing Value,Missing Value,Missing Value,Missing Value
DE 049,56.0,Missing Value,Missing Value,Missing Value,Missing Value,Missing Value,Missing Value,Missing Value,Missing Value,Missing Value,Missing Value,Missing Value,Missing Value,La provenienza pompeiana è incerta,Missing Value,Missing Value,Missing Value,Missing Value
DE 050,57.0,Missing Value,Missing Value,Missing Value,Missing Value,Missing Value,Missing Value,Missing Value,Missing Value,Missing Value,Missing Value,Missing Value,Missing Value,La provenienza pompeiana è incerta,Missing Value,Missing Value,Missing Value,Missing Value
DE 051,58.0,Missing Value,Missing Value,Missing Value,Missing Value,Missing Value,Missing Value,Missing Value,Missing Value,Missing Value,Missing Value,Missing Value,Missing Value,La provenienza pompeiana è incerta,Missing Value,Missing Value,Missing Value,Missing Value
DE 052,59.0,Missing Value,Missing Value,Missing Value,Missing Value,Missing Value,Missing Value,Missing Value,Missing Value,Missing Value,Missing Value,Missing Value,Missing Value,La provenienza pompeiana è incerta,Missing Value,Missing Value,Missing Value,Missing Value
DE 053,60.0,Missing Value,Missing Value,Missing Value,Missing Value,Missing Value,Missing Value,Missing Value,Missing Value,Missing Value,Missing Value,Missing Value,Missing Value,La provenienza pompeiana è incerta,Missing Value,Missing Value,Missing Value,Missing Value
DE 054,61.0,Missing Value,Missing Value,Missing Value,Missing Value,Missing Value,Missing Value,Missing Value,Missing Value,Missing Value,Missing Value,Missing Value,Missing Value,La provenienza pompeiana è incerta,Missing Value,Missing Value,Missing Value,Missing Value
DE 055,62.0,Missing Value,Missing Value,Missing Value,Missing Value,Missing Value,Missing Value,Missing Value,Missing Value,Missing Value,Missing Value,Missing Value,Missing Value,La provenienza pompeiana è incerta,Missing Value,Missing Value,Missing Value,Missing Value
DE 056,63.0,Missing Value,Missing Value,Missing Value,Missing Value,Missing Value,Missing Value,Missing Value,Missing Value,Missing Value,Missing Value,Missing Value,Missing Value,La provenienza pompeiana è incerta,Missing Value,Missing Value,Missing Value,Missing Value
DE 057,64.0,Missing Value,Missing Value,Missing Value,Missing Value,Missing Value,Missing Value,Missing Value,Missing Value,Missing Value,Missing Value,Missing Value,Missing Value,La provenienza pompeiana è incerta,Missing Value,Missing Value,Missing Value,Missing Value
DE 058,65.0,Missing Value,Missing Value,Missing Value,Missing Value,Missing Value,Missing Value,Missing Value,Missing Value,Missing Value,Missing Value,Missing Value,Missing Value,La provenienza pompeiana è incerta,Missing Value,Missing Value,Missing Value,Missing Value
DE 059,66.0,Missing Value,Missing Value,Missing Value,Missing Value,Missing Value,Missing Value,in una domus (?),Missing Value,Missing Value,1825 (?),Missing Value,Missing Value,Missing Value,Missing Value,Missing Value,Missing Value,Missing Value
DE 060,67.0,Missing Value,Missing Value,Missing Value,Missing Value,Missing Value,Missing Value,in una domus (?),Missing Value,Missing Value,1825 (?),Missing Value,Missing Value,Missing Value,Missing Value,Missing Value,Missing Value,Missing Value
DE 061,68.0,Missing Value,Missing Value,Missing Value,Missing Value,Missing Value,Missing Value,in una domus (?),Missing Value,Missing Value,1825 (?),Missing Value,Missing Value,Missing Value,Missing Value,Missing Value,Missing Value,Missing Value
DE 062,69.0,Missing Value,Missing Value,Missing Value,Missing Value,Missing Value,Missing Value,in una domus (?),Missing Value,Missing Value,1825 (?),Missing Value,Missing Value,Missing Value,Missing Value,Missing Value,Missing Value,Missing Value
DE 063,70.0,Missing Value,Missing Value,Missing Value,Missing Value,Missing Value,Missing Value,in una domus (?),Missing Value,Missing Value,1825 (?),Missing Value,Missing Value,Missing Value,Missing Value,Missing Value,Missing Value,Missing Value
DE 064,71.0,Missing Value,Missing Value,Missing Value,Missing Value,Missing Value,Missing Value,in una domus (?),Missing Value,Missing Value,1825 (?),Missing Value,Missing Value,Missing Value,Missing Value,Missing Value,Missing Value,Missing Value
DE 065,72.0,Missing Value,Missing Value,Missing Value,Missing Value,Missing Value,Missing Value,in una domus (?),Missing Value,Missing Value,1825 (?),Missing Value,Missing Value,Missing Value,Missing Value,Missing Value,Missing Value,Missing Value
DE 066,73.0,Missing Value,Missing Value,Missing Value,Missing Value,Missing Value,Missing Value,in una domus (?),Missing Value,Missing Value,1825 (?),Missing Value,Missing Value,Missing Value,Missing Value,Missing Value,Missing Value,Missing Value
DE 067,74.0,Missing Value,Missing Value,Missing Value,Missing Value,Missing Value,Missing Value,in una domus (?),Missing Value,Missing Value,1825 (?),Missing Value,Missing Value,Missing Value,Missing Value,Missing Value,Missing Value,Missing Value
DE 068,75.0,Missing Value,Missing Value,Missing Value,Missing Value,Missing Value,Missing Value,in una domus (?),Missing Value,Missing Value,1825 (?),Missing Value,Missing Value,Missing Value,Missing Value,Missing Value,Missing Value,Missing Value
DE 069,76.0,Missing Value,Missing Value,Missing Value,Missing Value,Missing Value,Missing Value,Missing Value,Missing Value,Missing Value,Missing Value,Missing Value,Missing Value,La provenienza pompeiana è incerta,Missing Value,Missing Value,Missing Value,Missing Value
DE 070,77.0,Missing Value,Missing Value,Missing Value,Missing Value,Missing Value,Missing Value,Missing Value,Missing Value,Missing Value,ante 1802 (?),Missing Value,Missing Value,Missing Value,Missing Value,Missing Value,Missing Value,Missing Value
DE 071,78.0,Missing Value,Missing Value,Missing Value,Missing Value,Missing Value,Missing Value,Missing Value,Missing Value,Missing Value,ante 1802 (?),Missing Value,Missing Value,Missing Value,Missing Value,Missing Value,Missing Value,Missing Value
DE 072,79.0,Missing Value,Missing Value,Missing Value,Missing Value,Missing Value,Missing Value,Missing Value,Missing Value,Missing Value,Missing Value,Missing Value,Missing Value,Nessun dato di scavo è disponibile per questo reperto,Missing Value,Missing Value,Missing Value,Missing Value
DE 073,80.0,Missing Value,Missing Value,Missing Value,Missing Value,Missing Value,Missing Value,Missing Value,Missing Value,Missing Value,Missing Value,Missing Value,Missing Value,Nessun dato di scavo è disponibile per questo reperto,Missing Value,Missing Value,Missing Value,Missing Value
DE 074,81.0,Missing Value,Missing Value,Missing Value,Missing Value,Missing Value,Missing Value,Missing Value,Missing Value,Missing Value,Missing Value,Missing Value,Missing Value,Nessun dato di scavo è disponibile per questo reperto,Missing Value,Missing Value,Missing Value,Missing Value
DE 075,82.0,Missing Value,Missing Value,Missing Value,Missing Value,Missing Value,Missing Value,Missing Value,Missing Value,Missing Value,Missing Value,Missing Value,Missing Value,Nessun dato di scavo è disponibile per questo reperto,Missing Value,Missing Value,Missing Value,Missing Value
DE 076,83.0,Missing Value,Missing Value,Missing Value,Missing Value,Missing Value,Missing Value,Missing Value,Missing Value,Missing Value,Missing Value,Missing Value,Missing Value,Nessun dato di scavo è disponibile per questo reperto,Missing Value,Missing Value,Missing Value,Missing Value
DE 077,84.0,Missing Value,Missing Value,Missing Value,Missing Value,Missing Value,Missing Value,Missing Value,Missing Value,Missing Value,Missing Value,Missing Value,Missing Value,La provenienza pompeiana è incerta,Missing Value,Missing Value,Missing Value,Missing Value
DE 078,85.0,Missing Value,Missing Value,Missing Value,Missing Value,Missing Value,Missing Value,Missing Value,Missing Value,Missing Value,Missing Value,Missing Value,Missing Value,La provenienza pompeiana è incerta,Missing Value,Missing Value,Missing Value,Missing Value
DE 079,86.0,Missing Value,Missing Value,Missing Value,Missing Value,Missing Value,Missing Value,Missing Value,Missing Value,Missing Value,Missing Value,Missing Value,Missing Value,La provenienza pompeiana è incerta,Missing Value,Missing Value,Missing Value,Missing Value
DE 080,87.0,Missing Value,Missing Value,Missing Value,Missing Value,Missing Value,Missing Value,Missing Value,Missing Value,Missing Value,Missing Value,Missing Value,Missing Value,Nessun dato di scavo è disponibile per questo reperto,Missing Value,Missing Value,Missing Value,Missing Value
DE 081,88.0,Missing Value,Missing Value,Missing Value,Missing Value,Missing Value,Missing Value,Missing Value,Missing Value,Missing Value,Missing Value,Missing Value,Missing Value,La provenienza pompeiana è incerta,Missing Value,Missing Value,Missing Value,Missing Value
DE 082,89.0,Missing Value,Missing Value,Missing Value,Missing Value,Missing Value,Missing Value,Missing Value,Missing Value,Missing Value,Missing Value,Missing Value,Missing Value,La provenienza pompeiana è incerta,Missing Value,Missing Value,Missing Value,Missing Value
DE 083,90.0,Missing Value,Missing Value,Missing Value,Missing Value,Missing Value,Missing Value,Missing Value,Missing Value,Missing Value,Missing Value,Missing Value,Missing Value,La provenienza pompeiana è incerta,Missing Value,Missing Value,Missing Value,Missing Value
DE 084,91.0,Missing Value,Missing Value,Missing Value,Missing Value,Missing Value,Missing Value,Missing Value,Missing Value,Missing Value,Missing Value,Missing Value,Missing Value,La provenienza pompeiana è incerta,Missing Value,Missing Value,Missing Value,Missing Value
DE 085,92.0,Missing Value,Missing Value,Missing Value,Missing Value,Missing Value,Missing Value,Missing Value,Missing Value,Missing Value,Missing Value,Missing Value,Missing Value,La provenienza pompeiana è incerta,Missing Value,Missing Value,Missing Value,Missing Value
DE 086,93.0,Missing Value,Missing Value,Missing Value,Missing Value,Missing Value,Missing Value,Missing Value,Missing Value,Missing Value,Missing Value,Missing Value,Missing Value,La provenienza pompeiana è incerta,Missing Value,Missing Value,Missing Value,Missing Value
DE 087,94.0,Missing Value,Missing Value,Missing Value,Missing Value,Missing Value,Missing Value,Missing Value,Missing Value,Missing Value,Missing Value,Missing Value,Missing Value,La provenienza pompeiana è incerta,Missing Value,Missing Value,Missing Value,Missing Value
DE 088,95.0,Missing Value,Missing Value,Missing Value,Missing Value,Missing Value,Missing Value,Missing Value,Missing Value,Missing Value,Missing Value,Missing Value,Missing Value,La provenienza pompeiana è incerta,Missing Value,Missing Value,Missing Value,Missing Value
DE 089,96.0,Missing Value,Missing Value,Missing Value,Missing Value,Missing Value,Missing Value,Missing Value,Missing Value,Missing Value,Missing Value,Missing Value,Missing Value,La provenienza pompeiana è incerta,Missing Value,Missing Value,Missing Value,Missing Value
DE 090,97.0,Missing Value,Missing Value,Missing Value,Missing Value,Missing Value,Missing Value,Missing Value,Missing Value,Missing Value,Missing Value,Missing Value,Missing Value,La provenienza pompeiana è incerta,Missing Value,Missing Value,Missing Value,Missing Value
DE 091,98.0,Casa del Re di Prussia,VII,9,33-34,Missing Value,Missing Value,Missing Value,27,Novembre,1822,Michele Arditi,Antonio Bonucci,"Edificio noto poi anche – più correttamente – come Caupona di Donatus e Verpus (VII 9, 33-34)",Napoli ASN,"Ministero degli Affari Interni, Inventario II, “Antichità e belle arti”, b. 1978, fasc. 29","II,4, pp. 64-65","«28 Novembre [1822] – Gli oggetti che furono ieri rinvenuti nello scavo di una antica abitazione, eseguito alla presenza di Sua Maestà Prussiana, […] furono i seguenti. Bronzo. […] Una conca di diam. pal. 1 ed on. 4, che doveva forse servir di coverchio ad altra conca, trovandosi distaccato un piccolo manico nel mezzo per alzarla»"
DE 091,98.0,Missing Value,Missing Value,Missing Value,Missing Value,Missing Value,Missing Value,Missing Value,Missing Value,Missing Value,Missing Value,Missing Value,Missing Value,Missing Value,Missing Value,Missing Value,"III, p. 34","«27 Novembre [1822] – In detto giorno si portò su dei scavi S.M. il Re di Prussia, ed in sua presenza fu disterrata la prima abitazione, che resta su la sinistra della strada da dietro il Calcidico, e proprio ove si vede il quadretto osceno, munito da stipetto, ove si rinvennero li seguenti oggetti. Bronzo. [...] Una conca cilindrica col piede dissaldato»   "
DE 092,99.0,Missing Value,Missing Value,Missing Value,Missing Value,Missing Value,Missing Value,Missing Value,Missing Value,Missing Value,Missing Value,Missing Value,Missing Value,La provenienza pompeiana è incerta,Missing Value,Missing Value,Missing Value,Missing Value
DE 093,100.0,Missing Value,Missing Value,Missing Value,Missing Value,Missing Value,Missing Value,Missing Value,Missing Value,Missing Value,Missing Value,Missing Value,Missing Value,La provenienza pompeiana è incerta,Missing Value,Missing Value,Missing Value,Missing Value
DE 094,101.0,Missing Value,Missing Value,Missing Value,Missing Value,Missing Value,Missing Value,Missing Value,Missing Value,Missing Value,Missing Value,Missing Value,Missing Value,La provenienza pompeiana è incerta,Missing Value,Missing Value,Missing Value,Missing Value
DE 095,102.0,Missing Value,Missing Value,Missing Value,Missing Value,Missing Value,Missing Value,Missing Value,Missing Value,Missing Value,Missing Value,Missing Value,Missing Value,Nessun dato di scavo è disponibile per questo reperto,Missing Value,Missing Value,Missing Value,Missing Value
DE 096,103.0,Missing Value,Missing Value,Missing Value,Missing Value,Missing Value,Missing Value,in una domus (?),Missing Value,Missing Value,1825 (?),Missing Value,Missing Value,Missing Value,Missing Value,Missing Value,Missing Value,Missing Value
DE 097,104.0,Missing Value,Missing Value,Missing Value,Missing Value,Missing Value,Missing Value,in una domus (?),Missing Value,Missing Value,1825 (?),Missing Value,Missing Value,Missing Value,Missing Value,Missing Value,Missing Value,Missing Value
DE 098,105.0,Missing Value,Missing Value,Missing Value,Missing Value,Missing Value,Missing Value,in una domus (?),Missing Value,Missing Value,1825 (?),Missing Value,Missing Value,Missing Value,Missing Value,Missing Value,Missing Value,Missing Value
DE 099,106.0,Missing Value,Missing Value,Missing Value,Missing Value,Missing Value,Missing Value,in una domus (?),Missing Value,Missing Value,1825 (?),Missing Value,Missing Value,Missing Value,Missing Value,Missing Value,Missing Value,Missing Value
DE 100,107.0,Missing Value,Missing Value,Missing Value,Missing Value,Missing Value,Missing Value,in una domus (?),Missing Value,Missing Value,1825 (?),Missing Value,Missing Value,Missing Value,Missing Value,Missing Value,Missing Value,Missing Value
DE 101,108.0,Missing Value,Missing Value,Missing Value,Missing Value,Missing Value,Missing Value,Missing Value,Missing Value,Missing Value,Missing Value,Missing Value,Missing Value,Nessun dato di scavo è disponibile per questo reperto,Missing Value,Missing Value,Missing Value,Missing Value
DE 102,109.0,Missing Value,Missing Value,Missing Value,Missing Value,Missing Value,Missing Value,Missing Value,Missing Value,Missing Value,Missing Value,Missing Value,Missing Value,Nessun dato di scavo è disponibile per questo reperto,Missing Value,Missing Value,Missing Value,Missing Value
DE 103,110.0,Missing Value,Missing Value,Missing Value,Missing Value,Missing Value,Missing Value,Missing Value,Missing Value,Missing Value,Missing Value,Missing Value,Missing Value,Nessun dato di scavo è disponibile per questo reperto,Missing Value,Missing Value,Missing Value,Missing Value
DE 104,111.0,Casa del Re di Prussia,VII,9,33-34,Missing Value,Missing Value,Missing Value,27,Novembre,1822,Michele Arditi,Antonio Bonucci,"Edificio noto poi anche – più correttamente – come Caupona di Donatus e Verpus (VII 9, 33-34)",Napoli ASN,"Ministero degli Affari Interni, Inventario II, “Antichità e belle arti”, b. 1978, fasc. 29","II,4, pp. 64-65","«28 Novembre [1822] – Gli oggetti che furono ieri rinvenuti nello scavo di una antica abitazione, eseguito alla presenza di Sua Maestà Prussiana, […] furono i seguenti. [...] Osso. […] varj pezzi di stromento da fiato»"
DE 104,111.0,Missing Value,Missing Value,Missing Value,Missing Value,Missing Value,Missing Value,Missing Value,Missing Value,Missing Value,Missing Value,Missing Value,Missing Value,Missing Value,Missing Value,Missing Value,"III, pp. 34-35","«27 Novembre [1822] – In detto giorno si portò su dei scavi S.M. il Re di Prussia, ed in sua presenza fu disterrata la prima abitazione, che resta su la sinistra della strada da dietro il Calcidico, e proprio ove si vede il quadretto osceno, munito da stipetto, ove si rinvennero li seguenti oggetti. [...] Osso. [...] Varii pezzi di flauto»   "
DE 105,112.0,Casa del Re di Prussia,VII,9,33-34,Missing Value,Missing Value,Missing Value,27,Novembre,1822,Michele Arditi,Antonio Bonucci,"Edificio noto poi anche – più correttamente – come Caupona di Donatus e Verpus (VII 9, 33-34)",Napoli ASN,"Ministero degli Affari Interni, Inventario II, “Antichità e belle arti”, b. 1978, fasc. 29","II,4, pp. 64-65","«28 Novembre [1822] – Gli oggetti che furono ieri rinvenuti nello scavo di una antica abitazione, eseguito alla presenza di Sua Maestà Prussiana, […] furono i seguenti. [...] Osso. […] varj pezzi di stromento da fiato»"
DE 105,112.0,Missing Value,Missing Value,Missing Value,Missing Value,Missing Value,Missing Value,Missing Value,Missing Value,Missing Value,Missing Value,Missing Value,Missing Value,Missing Value,Missing Value,Missing Value,"III, pp. 34-35","«27 Novembre [1822] – In detto giorno si portò su dei scavi S.M. il Re di Prussia, ed in sua presenza fu disterrata la prima abitazione, che resta su la sinistra della strada da dietro il Calcidico, e proprio ove si vede il quadretto osceno, munito da stipetto, ove si rinvennero li seguenti oggetti. [...] Osso. [...] Varii pezzi di flauto»   "
DE 106,113.0,Missing Value,Missing Value,Missing Value,Missing Value,Missing Value,Missing Value,Missing Value,Missing Value,Missing Value,Missing Value,Missing Value,Missing Value,La provenienza pompeiana è incerta,Missing Value,Missing Value,Missing Value,Missing Value
DE 107,114.0,Casa del Re di Prussia,VII,9,33-34,Missing Value,Missing Value,Missing Value,27,Novembre,1822,Michele Arditi,Antonio Bonucci,"Edificio noto poi anche – più correttamente – come Caupona di Donatus e Verpus (VII 9, 33-34)",Napoli ASN,"Ministero degli Affari Interni, Inventario II, “Antichità e belle arti”, b. 1978, fasc. 29","II,4, pp. 64-65","«28 Novembre [1822] – Gli oggetti che furono ieri rinvenuti nello scavo di una antica abitazione, eseguito alla presenza di Sua Maestà Prussiana, […] furono i seguenti. [...] Osso. […] varj pezzi di stromento da fiato»"
DE 107,114.0,Missing Value,Missing Value,Missing Value,Missing Value,Missing Value,Missing Value,Missing Value,Missing Value,Missing Value,Missing Value,Missing Value,Missing Value,Missing Value,Missing Value,Missing Value,"III, pp. 34-35","«27 Novembre [1822] – In detto giorno si portò su dei scavi S.M. il Re di Prussia, ed in sua presenza fu disterrata la prima abitazione, che resta su la sinistra della strada da dietro il Calcidico, e proprio ove si vede il quadretto osceno, munito da stipetto, ove si rinvennero li seguenti oggetti. [...] Osso. [...] Varii pezzi di flauto»   "
DE 108,115.0,Casa del Re di Prussia,VII,9,33-34,Missing Value,Missing Value,Missing Value,27,Novembre,1822,Michele Arditi,Antonio Bonucci,"Edificio noto poi anche – più correttamente – come Caupona di Donatus e Verpus (VII 9, 33-34)",Napoli ASN,"Ministero degli Affari Interni, Inventario II, “Antichità e belle arti”, b. 1978, fasc. 29","II,4, pp. 64-65","«28 Novembre [1822] – Gli oggetti che furono ieri rinvenuti nello scavo di una antica abitazione, eseguito alla presenza di Sua Maestà Prussiana, […] furono i seguenti. [...] Osso. […] varj pezzi di stromento da fiato»"
DE 108,115.0,Missing Value,Missing Value,Missing Value,Missing Value,Missing Value,Missing Value,Missing Value,Missing Value,Missing Value,Missing Value,Missing Value,Missing Value,Missing Value,Missing Value,Missing Value,"III, pp. 34-35","«27 Novembre [1822] – In detto giorno si portò su dei scavi S.M. il Re di Prussia, ed in sua presenza fu disterrata la prima abitazione, che resta su la sinistra della strada da dietro il Calcidico, e proprio ove si vede il quadretto osceno, munito da stipetto, ove si rinvennero li seguenti oggetti. [...] Osso. [...] Varii pezzi di flauto»   "
DE 109,116.0,Missing Value,Missing Value,Missing Value,Missing Value,Missing Value,Missing Value,in una domus (?),Missing Value,Missing Value,1825 (?),Missing Value,Missing Value,Missing Value,Missing Value,Missing Value,Missing Value,Missing Value
DE 110,117.0,Missing Value,Missing Value,Missing Value,Missing Value,Missing Value,Missing Value,in una domus (?),Missing Value,Missing Value,1825 (?),Missing Value,Missing Value,Missing Value,Missing Value,Missing Value,Missing Value,Missing Value
DE 111,118.0,Missing Value,Missing Value,Missing Value,Missing Value,Missing Value,Missing Value,in una domus (?),Missing Value,Missing Value,1825 (?),Missing Value,Missing Value,Missing Value,Missing Value,Missing Value,Missing Value,Missing Value
DE 112,119.0,Missing Value,Missing Value,Missing Value,Missing Value,Missing Value,Missing Value,in una domus (?),Missing Value,Missing Value,1825 (?),Missing Value,Missing Value,Missing Value,Missing Value,Missing Value,Missing Value,Missing Value
DE 113,120.0,Missing Value,Missing Value,Missing Value,Missing Value,Missing Value,Missing Value,in una domus (?),Missing Value,Missing Value,1825 (?),Missing Value,Missing Value,Missing Value,Missing Value,Missing Value,Missing Value,Missing Value
DE 114,121.0,Missing Value,Missing Value,Missing Value,Missing Value,Missing Value,Missing Value,Missing Value,Missing Value,Missing Value,Missing Value,Missing Value,Missing Value,Nessun dato di scavo è disponibile per questo reperto,Missing Value,Missing Value,Missing Value,Missing Value
DK 001,122.0,Casa delle Nozze di Ercole ed Ebe (?) ,VII,9,47-48; 51; 65,Missing Value,Missing Value,Missing Value,8 (?),Novembre (?),1820 (?),Michele Arditi,Antonio Bonucci,Missing Value,Missing Value,Missing Value,Missing Value,Missing Value
DK 002,123.0,Casa delle Nozze di Ercole ed Ebe (?) ,VII,9,47-48; 51; 65,Missing Value,Missing Value,Missing Value,8 (?),Novembre (?),1820 (?),Michele Arditi,Antonio Bonucci,Missing Value,Missing Value,Missing Value,Missing Value,Missing Value
DK 003,124.0,Missing Value,Missing Value,Missing Value,Missing Value,Missing Value,Missing Value,Missing Value,Missing Value,Missing Value,Missing Value,Missing Value,Missing Value,La provenienza pompeiana è incerta,Missing Value,Missing Value,Missing Value,Missing Value
DK 004,125.0,Casa delle Nozze di Ercole ed Ebe (?) ,VII,9,47-48; 51; 65,Missing Value,Missing Value,Missing Value,8 (?),Novembre (?),1820 (?),Michele Arditi,Antonio Bonucci,Missing Value,Missing Value,Missing Value,Missing Value,Missing Value
DK 005,126.0,Casa delle Nozze di Ercole ed Ebe (?) ,VII,9,47-48; 51; 65,Missing Value,Missing Value,Missing Value,8 (?),Novembre (?),1820 (?),Michele Arditi,Antonio Bonucci,Missing Value,Missing Value,Missing Value,Missing Value,Missing Value
DK 006,127.0,Casa delle Nozze di Ercole ed Ebe (?) ,VII,9,47-48; 51; 65,Missing Value,Missing Value,Missing Value,8 (?),Novembre (?),1820 (?),Michele Arditi,Antonio Bonucci,Missing Value,Missing Value,Missing Value,Missing Value,Missing Value
DK 007,128.0,Casa delle Nozze di Ercole ed Ebe (?) ,VII,9,47-48; 51; 65,Missing Value,Missing Value,Missing Value,8 (?),Novembre (?),1820 (?),Michele Arditi,Antonio Bonucci,Missing Value,Missing Value,Missing Value,Missing Value,Missing Value
DK 008,129.0,Casa delle Nozze di Ercole ed Ebe (?) ,VII,9,47-48; 51; 65,Missing Value,Missing Value,Missing Value,8 (?),Novembre (?),1820 (?),Michele Arditi,Antonio Bonucci,Missing Value,Missing Value,Missing Value,Missing Value,Missing Value
DK 009,130.0,Casa delle Nozze di Ercole ed Ebe (?) ,VII,9,47-48; 51; 65,Missing Value,Missing Value,Missing Value,8 (?),Novembre (?),1820 (?),Michele Arditi,Antonio Bonucci,Missing Value,Missing Value,Missing Value,Missing Value,Missing Value
DK 010,131.0,Casa delle Nozze di Ercole ed Ebe (?) ,VII,9,47-48; 51; 65,Missing Value,Missing Value,Missing Value,8 (?),Novembre (?),1820 (?),Michele Arditi,Antonio Bonucci,Missing Value,Missing Value,Missing Value,Missing Value,Missing Value
DK 011,132.0,Casa delle Nozze di Ercole ed Ebe (?) ,VII,9,47-48; 51; 65,Missing Value,Missing Value,Missing Value,8 (?),Novembre (?),1820 (?),Michele Arditi,Antonio Bonucci,Missing Value,Missing Value,Missing Value,Missing Value,Missing Value
DK 012,133.0,Casa delle Nozze di Ercole ed Ebe (?) ,VII,9,47-48; 51; 65,Missing Value,Missing Value,Missing Value,8 (?),Novembre (?),1820 (?),Michele Arditi,Antonio Bonucci,Missing Value,Missing Value,Missing Value,Missing Value,Missing Value
DK 013,134.0,Missing Value,Missing Value,Missing Value,Missing Value,Missing Value,Missing Value,Missing Value,Missing Value,Missing Value,Missing Value,Missing Value,Missing Value,La provenienza pompeiana è incerta,Missing Value,Missing Value,Missing Value,Missing Value
DK 014,135.0,Missing Value,Missing Value,Missing Value,Missing Value,Missing Value,Missing Value,Missing Value,Missing Value,Missing Value,Missing Value,Missing Value,Missing Value,La provenienza pompeiana è incerta,Missing Value,Missing Value,Missing Value,Missing Value
DK 015,136.0,Missing Value,Missing Value,Missing Value,Missing Value,Missing Value,Missing Value,Missing Value,Missing Value,Missing Value,Missing Value,Missing Value,Missing Value,La provenienza pompeiana è incerta,Missing Value,Missing Value,Missing Value,Missing Value
DK 016,137.0,Casa delle Nozze di Ercole ed Ebe (?) ,VII,9,47-48; 51; 65,Missing Value,Missing Value,Missing Value,8 (?),Novembre (?),1820 (?),Michele Arditi,Antonio Bonucci,Missing Value,Missing Value,Missing Value,Missing Value,Missing Value
DK 017,138.0,Casa delle Nozze di Ercole ed Ebe (?) ,VII,9,47-48; 51; 65,Missing Value,Missing Value,Missing Value,8 (?),Novembre (?),1820 (?),Michele Arditi,Antonio Bonucci,Missing Value,Missing Value,Missing Value,Missing Value,Missing Value
DK 018,139.0,Casa delle Nozze di Ercole ed Ebe (?) ,VII,9,47-48; 51; 65,Missing Value,Missing Value,Missing Value,8 (?),Novembre (?),1820 (?),Michele Arditi,Antonio Bonucci,Missing Value,Missing Value,Missing Value,Missing Value,Missing Value
DK 019,140.0,Casa delle Nozze di Ercole ed Ebe (?) ,VII,9,47-48; 51; 65,Missing Value,Missing Value,Missing Value,8 (?),Novembre (?),1820 (?),Michele Arditi,Antonio Bonucci,Missing Value,Missing Value,Missing Value,Missing Value,Missing Value
FR 001,141.0,Missing Value,Missing Value,Missing Value,Missing Value,Missing Value,Missing Value,Missing Value,Missing Value,Missing Value,ante 1756,Missing Value,Missing Value,Missing Value,Missing Value,Missing Value,Missing Value,Missing Value
FR 002,142.0,Casa delle Vestali,VI,1,6-8; 24-26,33,Missing Value,Caldarium,31,Marzo,1785,Missing Value,Francesco La Vega,Missing Value,Missing Value,Missing Value,"I,2, pp. 25-26","«31 Marzo [1785] – [...] In una delle tre stanze che già compariscono nel fondo di questa abitazione, cioè quella di mezzo, si è scoperta una pittura, che rappresenta un vecchio coricato appoggiato ad un vaso che versa acqua, e con una spezie di palma in mano. Vi sono due altre figure di donne, una per lato nude dalla cinta in sopra, portando ciascuna in mano una vasca come fonte che versa acqua» [cfr. PAGANO 1997, p. 103 (6 novembre 1789)]"
FR 003,143.0,Caserma dei Gladiatori,VIII,7,16,Missing Value,Missing Value,Area Sud dell'edificio,4-9,Gennaio,1767,Missing Value,Roque Joaquín de Alcubierre,Missing Value,Missing Value,Missing Value,"I,1, p. 200","«10 Gennaio [1767] – Nella presente settimana si è scoverta nell'edifizio del Quartiere un'altra stanza contigua a quella scoverta ultimamente, la quale ha il pavimento di mattoni pesti ed è dipinta tutto all'intorno, benchè ordinariamente, e vi si è trovato il seguente. Quattro elmi. 1. Simile in tutto ai poco fa trovati, con falda tutto all'intorno; la sua cresta nella parte anteriore ha una testa di grifo, ed è vota lungo tutta la sua sommità, forse per situarvi il pennacchio; ai due lati della cupola vi sono due formai, forse per passarvi un legame, e nella parte d'avanti in un ornato che rassomiglia ad una cuffia vi è una maschera. La visiera, come altri prima trovati, è composta di sei pezzi, quattro mobili due dei quali per dove si vedeva traforati. La cresta resta divisa dall'elmo, e alla testa del grifo vi manca un'orecchia; la falda all'intorno è in qualche parte rotta, e vi sono disuniti tre piccoli pezzi»"
FR 003,143.0,Missing Value,Missing Value,Missing Value,Missing Value,Missing Value,Missing Value,Missing Value,Missing Value,Missing Value,Missing Value,Missing Value,Missing Value,Missing Value,Missing Value,Missing Value,"I,2, Addenda, p. 152 ","«10 Gennaio [1767] – Quatro elmi, tre di rame ed uno di ferro» "
FR 004,144.0,Caserma dei Gladiatori,VIII,7,16,Missing Value,Missing Value,Missing Value,15-20,Febbraio,1767,Missing Value,Roque Joaquín de Alcubierre,Missing Value,Missing Value,Missing Value,"I,1, p. 203","«21 Febbraio [1767] – Si è scoperta altra stanza contigua a quella scoverta nella settimana passata, ch'è simile alle altre di quell'edificio, dipinta benchè ordinariamente tutta all'intorno, e vi si è trovato quanto segue. […] Un'armatura di rame, simile a quella che si è descritta nel rapporto dei 10 gennaio, di una forma quasi semicircolare, lunga on. 14 larga on. 13; nel mezzo vi è un rialto che seguita la stessa figura di tutto lo insieme, largo on. 5 e lungo on. 71/2, e nella parte posteriore vi sono 4 grappe, due delle quali sono staccate. La parte curva è un poco elevata verso avanti, ed ha nel mezzo un circolo con un busto che pare di un Ercole: nella parte superiore del rialzo vi è una mezza luna»"
FR 005,145.0,Caserma dei Gladiatori,VIII,7,16,Missing Value,Missing Value,Missing Value,31,Ottobre,1766,Missing Value,Roque Joaquín de Alcubierre,Missing Value,Missing Value,Missing Value,"I,1, pp. 195-196","«31 Ottobre [1766] – Continuandosi a levare il terreno verso la strada maestra, in una stanza contigua a quella dissotterrata di cui si è parlato nel passato rapporto, si è trovato: […] Una gambiera di bronzo con 4 anelli per attaccarsi nella parte posteriore: in questo pezzo si osserva cisellata una figura che forma il mezzo, e all'intorno degli ornati, e nelle due parti si abbracciano le gavolle vi sono due maschere; è rotto un poco, ma non ne resta diviso alcun pezzo»"
FR 006,146.0,Caserma dei Gladiatori,VIII,7,16,Missing Value,Missing Value,Missing Value,23,Maggio,1767,Missing Value,Roque Joaquín de Alcubierre,Missing Value,Missing Value,Missing Value,"I,1, pp. 207-208","«23 Maggio [1767] – Continuandosi a cavare il Quartiere, vi si è scoverta una stanza contigua alla descritta nel passato rapporto, e vi si è trovato: […] Altra armatura di rame simile all'antecedente alta on. 15, tiene nel mezzo una figura di uomo armato, e dai due lati che abbracciano la giuntura ha due gonfiezze circolari. N'è diviso da questa armatura un pezzo tutto a lungo, e vi mancano due anelli di sei che ne doveva avere»"
FR 007,147.0,Caserma dei Gladiatori,VIII,7,16,Missing Value,Missing Value,Missing Value,23,Maggio,1767,Missing Value,Roque Joaquín de Alcubierre,Missing Value,Missing Value,Missing Value,"I,1, p. 207","«23 Maggio [1767] – Continuandosi a cavare il Quartiere, vi si è scoverta una stanza contigua alla descritta nel passato rapporto, e vi si è trovato: […] Un pajo di gambiere di rame alte pal. 2 ed on. 2; nel sito che corrisponde al ginocchio vi è una maschera, e sopra vi è un semicircolo; nella parte più alta da uno de' lati vi è una maschera, e dall'altra due. Queste due gambiere sono benissimo conservate, e manca solo ad una un anello, e nell'altra due, di sei che ne dovevano avere per legarsi posteriormente»"
FR 008,148.0,Caserma dei Gladiatori,VIII,7,16,Missing Value,Missing Value,Missing Value,23,Maggio,1767,Missing Value,Roque Joaquín de Alcubierre,Missing Value,Missing Value,Missing Value,"I,1, p. 207","«23 Maggio [1767] – Continuandosi a cavare il Quartiere, vi si è scoverta una stanza contigua alla descritta nel passato rapporto, e vi si è trovato: […] Un pajo di gambiere di rame alte pal. 2 ed on. 2; nel sito che corrisponde al ginocchio vi è una maschera, e sopra vi è un semicircolo; nella parte più alta da uno de' lati vi è una maschera, e dall'altra due. Queste due gambiere sono benissimo conservate, e manca solo ad una un anello, e nell'altra due, di sei che ne dovevano avere per legarsi posteriormente»"
FR 009,149.0,Missing Value,Missing Value,Missing Value,Missing Value,Missing Value,Missing Value,Missing Value,Missing Value,Missing Value,Missing Value,Missing Value,Missing Value,La provenienza pompeiana è incerta,Missing Value,Missing Value,Missing Value,Missing Value
FR 010,150.0,Missing Value,Missing Value,Missing Value,Missing Value,Missing Value,Missing Value,Missing Value,Missing Value,Missing Value,ante 1792,Missing Value,Missing Value,Missing Value,Missing Value,Missing Value,Missing Value,Missing Value
FR 011,151.0,Missing Value,Missing Value,Missing Value,Missing Value,Missing Value,Missing Value,Missing Value,Missing Value,Missing Value,ante 1792,Missing Value,Missing Value,Missing Value,Missing Value,Missing Value,Missing Value,Missing Value
FR 012,152.0,Missing Value,VIII,Missing Value,Missing Value,Missing Value,Missing Value,"in una stanza di uno degli edifici di fronte al Teatro Piccolo - Odeion (VIII 7, 17-19) ",10,Dicembre,1795,Missing Value,Francesco La Vega,Missing Value,Missing Value,Missing Value,"I,2, p. 62","«10 Dicembre [1795] – Si continua a slargare la strada per gl'ingressi sì dei due Teatri, che dal Quartiere. Essendosi evacauta una stanza nelle abitazioni avanti il Teatro Odeo; si è trovato. Bronzo. [...] Due tielle, una con 29 incavi come per friggervi altrettante uova, l'altro con 17 incavi per lo stesso uso» [cfr. PAGANO 1997, pp. 137-138 (12 dicembre 1795)] "
FR 013,153.0,Praedia di Giulia Felice,II,4,1-12,97,Parete Ovest (?),Cubiculum,14-19,Luglio,1755,Missing Value,Roque Joaquín de Alcubierre,Missing Value,Missing Value,Missing Value,"I,1, pp. 26-27","«20 Julio [1755] – Se ha descubierto […] Y se han conducido en Portici al estudio del escultor las pintura […] la 11 de la misma medida tambien representa muger sentada, y vestida de medio cuerpo abajo, con un instrumento en la mano»"
FR 013,153.0,Missing Value,Missing Value,Missing Value,Missing Value,Missing Value,Missing Value,Missing Value,Missing Value,Missing Value,Missing Value,Missing Value,Missing Value,Missing Value,Missing Value,Missing Value,"I,2, Addenda, p. 101","«N. 97. […] Apollo con manto sedente, coronato d'alloro, con la lira in mano. [...] Luglio 1755»"
FR 013,153.0,Missing Value,Missing Value,Missing Value,Missing Value,Missing Value,Missing Value,Missing Value,Missing Value,Missing Value,Missing Value,Missing Value,Missing Value,Missing Value,Missing Value,Missing Value,"I,2, Addenda, pp. 136-137","«20 Luglio [1755] – […] Altre 13 pitture, che rappresentano diverse Muse, trovate nel suddetto luogo. Queste pitture nel 1802 furono mandate a Parigi in dono a Napoleone, e fu incaricato D. Franc. Carelli a presentargliele. Gli Ercolanesi le riportano nel tom. II, tav. I. a IX.»"
FR 014,154.0,Praedia di Giulia Felice,II,4,1-12,97,Parete Sud (?),Cubiculum,14-19,Luglio,1755,Missing Value,Roque Joaquín de Alcubierre,Missing Value,Missing Value,Missing Value,"I,1, pp. 26-27","«20 Julio [1755] – Se ha descubierto […] Y se han conducido en Portici al estudio del escultor las pintura […] la 10 de la misma medida representa tambien muger con alguna cosa en las manos, y algunas letras al piè»"
FR 014,154.0,Missing Value,Missing Value,Missing Value,Missing Value,Missing Value,Missing Value,Missing Value,Missing Value,Missing Value,Missing Value,Missing Value,Missing Value,Missing Value,Missing Value,Missing Value,"I,2, Addenda, p. 101",«N. 97. […] Musa con fravola e lettere ΚΑΛΛΙΟΠΗ · ΠΟΙΗΜΑ. [...] Luglio 1755»
FR 014,154.0,Missing Value,Missing Value,Missing Value,Missing Value,Missing Value,Missing Value,Missing Value,Missing Value,Missing Value,Missing Value,Missing Value,Missing Value,Missing Value,Missing Value,Missing Value,"I,2, Addenda, pp. 136-137","«20 Luglio [1755] – […] Altre 13 pitture, che rappresentano diverse Muse, trovate nel suddetto luogo. Queste pitture nel 1802 furono mandate a Parigi in dono a Napoleone, e fu incaricato D. Franc. Carelli a presentargliele. Gli Ercolanesi le riportano nel tom. II, tav. I. a IX.»"
FR 015,155.0,Praedia di Giulia Felice,II,4,1-12,97,Parete Nord (?),Cubiculum,14-19,Luglio,1755,Missing Value,Roque Joaquín de Alcubierre,Missing Value,Missing Value,Missing Value,"I,1, pp. 26-27","«20 Julio [1755] – Se ha descubierto […] Y se han conducido en Portici al estudio del escultor las pintura […] la 9 tambien de la misma medida representa tambien muger sentada con un papel en la mano y algunas letras en el, observandose tambien un vaso con otros papeles al parezer dentro de el»"
FR 015,155.0,Missing Value,Missing Value,Missing Value,Missing Value,Missing Value,Missing Value,Missing Value,Missing Value,Missing Value,Missing Value,Missing Value,Missing Value,Missing Value,Missing Value,Missing Value,"I,2, Addenda, p. 101","«N. 97. […] Musa con orecchini, sedente, con vaso, e sei pieghi di carta dentro. Musa con carta aperta in mano, con lettere ΚΛΕΙΩ | ΙСΤΟΡΙΑΝ [...]. Luglio 1755»"
FR 015,155.0,Missing Value,Missing Value,Missing Value,Missing Value,Missing Value,Missing Value,Missing Value,Missing Value,Missing Value,Missing Value,Missing Value,Missing Value,Missing Value,Missing Value,Missing Value,"I,2, Addenda, pp. 136-137","«20 Luglio [1755] – […] Altre 13 pitture, che rappresentano diverse Muse, trovate nel suddetto luogo. Queste pitture nel 1802 furono mandate a Parigi in dono a Napoleone, e fu incaricato D. Franc. Carelli a presentargliele. Gli Ercolanesi le riportano nel tom. II, tav. I. a IX.»"
FR 016,156.0,Praedia di Giulia Felice,II,4,1-12,97,Parete Est (?),Cubiculum,14-19,Luglio,1755,Missing Value,Roque Joaquín de Alcubierre,Missing Value,Missing Value,Missing Value,"I,1, p. 26","«20 Julio [1755] – Se ha descubierto […] Y se han conducido en Portici al estudio del escultor las pintura […] la 4 de la misma medida que la antecedente, representa tambien muger vestida con un instrumento à la mano, y algunas letras al piè»"
FR 016,156.0,Missing Value,Missing Value,Missing Value,Missing Value,Missing Value,Missing Value,Missing Value,Missing Value,Missing Value,Missing Value,Missing Value,Missing Value,Missing Value,Missing Value,Missing Value,"I,2, Addenda, p. 101","«N. 97. […] Musa sona l'arpa, con lettere ΕΡΑΤΩ · ΨΑΛΤΡΙΑΝ. [...] Luglio 1755»"
FR 016,156.0,Missing Value,Missing Value,Missing Value,Missing Value,Missing Value,Missing Value,Missing Value,Missing Value,Missing Value,Missing Value,Missing Value,Missing Value,Missing Value,Missing Value,Missing Value,"I,2, Addenda, pp. 136-137","«20 Julio [1755] – […] Altre 13 pitture, che rappresentano diverse Muse, trovate nel suddetto luogo. Queste pitture nel 1802 furono mandate a Parigi in dono a Napoleone, e fu incaricato D. Franc. Carelli a presentargliele. Gli Ercolanesi le riportano nel tom. II, tav. I. a IX.»"
FR 017,157.0,Praedia di Giulia Felice,II,4,1-12,97,Parete Est (?),Cubiculum,14-19,Luglio,1755,Missing Value,Roque Joaquín de Alcubierre,Missing Value,Missing Value,Missing Value,"I,1, pp. 26-27","«20 Julio [1755] – Se ha descubierto […] Y se han conducido en Portici al estudio del escultor las pintura […] la 12 de la misma medida tambien representa muger vestida, con instrumento en la mano y algunas letras al piè»"
FR 017,157.0,Missing Value,Missing Value,Missing Value,Missing Value,Missing Value,Missing Value,Missing Value,Missing Value,Missing Value,Missing Value,Missing Value,Missing Value,Missing Value,Missing Value,Missing Value,"I,2, Addenda, p. 101",«N. 97. […] Musa simile con arpa e lettere estinte. [...] Luglio 1755»
FR 017,157.0,Missing Value,Missing Value,Missing Value,Missing Value,Missing Value,Missing Value,Missing Value,Missing Value,Missing Value,Missing Value,Missing Value,Missing Value,Missing Value,Missing Value,Missing Value,"I,2, Addenda, pp. 136-137","«20 Luglio [1755] – […] Altre 13 pitture, che rappresentano diverse Muse, trovate nel suddetto luogo. Queste pitture nel 1802 furono mandate a Parigi in dono a Napoleone, e fu incaricato D. Franc. Carelli a presentargliele. Gli Ercolanesi le riportano nel tom. II, tav. I. a IX.»"
FR 018,158.0,Praedia di Giulia Felice,II,4,1-12,97,Parete Nord (?),Cubiculum,14-19,Luglio,1755,Missing Value,Roque Joaquín de Alcubierre,Missing Value,Missing Value,Missing Value,"I,1, p. 26","«20 Julio [1755] – Se ha descubierto […] Y se han conducido en Portici al estudio del escultor las pintura […] la 3 de 1 pal. y 10 on. por 1 pal. y 4 on. representa muger vestida, con un mascaron en la mano, un baston y algunas letras al piè»"
FR 018,158.0,Missing Value,Missing Value,Missing Value,Missing Value,Missing Value,Missing Value,Missing Value,Missing Value,Missing Value,Missing Value,Missing Value,Missing Value,Missing Value,Missing Value,Missing Value,"I,2, Addenda, p. 101","«N. 97. Donna, o musa laureata, con manto e bastone, e maschera da uomo nella sinistra, e alla pedagna con lett. ΜΕΛΠΟΜΕΝΗ · ΤΡΑΓΩΔΙΑΝ. [...] Luglio 1755»"
FR 018,158.0,Missing Value,Missing Value,Missing Value,Missing Value,Missing Value,Missing Value,Missing Value,Missing Value,Missing Value,Missing Value,Missing Value,Missing Value,Missing Value,Missing Value,Missing Value,"I,2, Addenda, pp. 136-137","«20 Luglio [1755] – […] Altre 13 pitture, che rappresentano diverse Muse, trovate nel suddetto luogo. Queste pitture nel 1802 furono mandate a Parigi in dono a Napoleone, e fu incaricato D. Franc. Carelli a presentargliele. Gli Ercolanesi le riportano nel tom. II, tav. I. a IX.»"
FR 019,159.0,Praedia di Giulia Felice,II,4,1-12,97,Parete Nord (?),Cubiculum,14-19,Luglio,1755,Missing Value,Roque Joaquín de Alcubierre,Missing Value,Missing Value,Missing Value,"I,1, p. 26","«20 Julio [1755] – Se ha descubierto […] Y se han conducido en Portici al estudio del escultor las pintura […] la 7 que es de la misma medida que la tercera y las dos siguientes, representa una muger, un mascaron y un baston à la mano, y algunas letras al piè»"
FR 019,159.0,Missing Value,Missing Value,Missing Value,Missing Value,Missing Value,Missing Value,Missing Value,Missing Value,Missing Value,Missing Value,Missing Value,Missing Value,Missing Value,Missing Value,Missing Value,"I,2, Addenda, p. 101","«N. 97. [...] Musa con verga, e lettere ΘΑΛΕΙΑ · ΚΩΜΟΔΙΑΝ. [...] Luglio 1755»"
FR 019,159.0,Missing Value,Missing Value,Missing Value,Missing Value,Missing Value,Missing Value,Missing Value,Missing Value,Missing Value,Missing Value,Missing Value,Missing Value,Missing Value,Missing Value,Missing Value,"I,2, Addenda, pp. 136-137","«20 Luglio [1755] – […] Altre 13 pitture, che rappresentano diverse Muse, trovate nel suddetto luogo. Queste pitture nel 1802 furono mandate a Parigi in dono a Napoleone, e fu incaricato D. Franc. Carelli a presentargliele. Gli Ercolanesi le riportano nel tom. II, tav. I. a IX.»"
FR 020,160.0,Praedia di Giulia Felice,II,4,1-12,97,Parete Sud (?),Cubiculum,14-19,Luglio,1755,Missing Value,Roque Joaquín de Alcubierre,Missing Value,Missing Value,Missing Value,"I,1, p. 26","«20 Julio [1755] – Se ha descubierto […] Y se han conducido en Portici al estudio del escultor las pintura […] la 8 de la misma medida representa tambien muger, y tiene tambien algunas letras al piè»"
FR 020,160.0,Missing Value,Missing Value,Missing Value,Missing Value,Missing Value,Missing Value,Missing Value,Missing Value,Missing Value,Missing Value,Missing Value,Missing Value,Missing Value,Missing Value,Missing Value,"I,2, Addenda, p. 101",«N. 97. [...] Musa con lettere ΠΟΛΥΜΝΙΑ · ΜΥΘΟΥϹ. [...] Luglio 1755»
FR 020,160.0,Missing Value,Missing Value,Missing Value,Missing Value,Missing Value,Missing Value,Missing Value,Missing Value,Missing Value,Missing Value,Missing Value,Missing Value,Missing Value,Missing Value,Missing Value,"I,2, Addenda, pp. 136-137","«20 Luglio [1755] – […] Altre 13 pitture, che rappresentano diverse Muse, trovate nel suddetto luogo. Queste pitture nel 1802 furono mandate a Parigi in dono a Napoleone, e fu incaricato D. Franc. Carelli a presentargliele. Gli Ercolanesi le riportano nel tom. II, tav. I. a IX.»"
FR 021,161.0,Praedia di Giulia Felice,II,4,1-12,97,Parete Sud (?),Cubiculum,14-19,Luglio,1755,Missing Value,Roque Joaquín de Alcubierre,Missing Value,Missing Value,Missing Value,"I,1, p. 26",«20 Julio [1755] – Se ha descubierto […] Y se han conducido en Portici al estudio del escultor las pintura […] la 5 de la misma medida representa tambien una muger sentada con otro instrumentoà la mano»
FR 021,161.0,Missing Value,Missing Value,Missing Value,Missing Value,Missing Value,Missing Value,Missing Value,Missing Value,Missing Value,Missing Value,Missing Value,Missing Value,Missing Value,Missing Value,Missing Value,"I,2, Addenda, p. 101","«N. 97. [...] Musa sedente, con bastone e globo del mondo. [...] Luglio 1755»"
FR 021,161.0,Missing Value,Missing Value,Missing Value,Missing Value,Missing Value,Missing Value,Missing Value,Missing Value,Missing Value,Missing Value,Missing Value,Missing Value,Missing Value,Missing Value,Missing Value,"I,2, Addenda, pp. 136-137","«20 Luglio [1755] – […] Altre 13 pitture, che rappresentano diverse Muse, trovate nel suddetto luogo. Queste pitture nel 1802 furono mandate a Parigi in dono a Napoleone, e fu incaricato D. Franc. Carelli a presentargliele. Gli Ercolanesi le riportano nel tom. II, tav. I. a IX.»"
FR 022,162.0,Missing Value,Missing Value,Missing Value,Missing Value,Missing Value,Missing Value,Missing Value,Missing Value,Missing Value,ante 1792,Missing Value,Missing Value,Missing Value,Missing Value,Missing Value,Missing Value,Missing Value
FR 023,163.0,Missing Value,Missing Value,Missing Value,Missing Value,Missing Value,Missing Value,Missing Value,Missing Value,Missing Value,ante 1792,Missing Value,Missing Value,Missing Value,Missing Value,Missing Value,Missing Value,Missing Value
FR 024,164.0,Missing Value,VI,17,Missing Value,Missing Value,Missing Value,Missing Value,21,Giugno,1760,Missing Value,Roque Joaquín de Alcubierre,Missing Value,Missing Value,Missing Value,"I,1, p. 111","«21 Junio [1760] – Se ha continuado la escavacion, y se han descubierto 5 pinturas: 1. de 13 on. Por 15 on. Representa una muger desnuda con un panicho detras, y cubiertas las piernas en acto de bolar, con la mano derecha tiene una frasca, y con la izquierda tiene una face sobre el cuello»"
FR 025,165.0,Casa delle Vestali,VI,1,6-8; 24-26,Missing Value,Missing Value,Missing Value,8 (?),Aprile (?),1786 (?),Missing Value,Francesco La Vega,Missing Value,Missing Value,Missing Value,Missing Value,Missing Value
FR 026,166.0,Missing Value,Missing Value,Missing Value,Missing Value,Missing Value,Missing Value,Missing Value,Missing Value,Missing Value,Missing Value,Missing Value,Missing Value,La provenienza pompeiana è incerta,Missing Value,Missing Value,Missing Value,Missing Value
FR 027,167.0,Missing Value,Missing Value,Missing Value,Missing Value,Missing Value,Missing Value,Missing Value,Missing Value,Missing Value,Missing Value,Missing Value,Missing Value,La provenienza pompeiana è incerta,Missing Value,Missing Value,Missing Value,Missing Value
FR 028,168.0,Missing Value,Missing Value,Missing Value,Missing Value,Missing Value,Missing Value,Missing Value,Missing Value,Missing Value,Missing Value,Missing Value,Missing Value,La provenienza pompeiana è incerta,Missing Value,Missing Value,Missing Value,Missing Value
FR 029,169.0,Missing Value,Missing Value,Missing Value,Missing Value,Missing Value,Missing Value,Missing Value,Missing Value,Missing Value,Missing Value,Missing Value,Missing Value,La provenienza pompeiana è incerta,Missing Value,Missing Value,Missing Value,Missing Value
FR 030,170.0,Villa di Diomede,Missing Value,Missing Value,24-25,22,Missing Value,"fuori Porta di Ercolano,
lato Ovest",7,Settembre,1771,Missing Value,Roque Joaquín de Alcubierre,Missing Value,Missing Value,Missing Value,"I,1, pp. 258, 260","«7 Settembre [1771] – Si è continuato lo scavo nella solita abitazione fuori della città, ove si è scoverta una stanza con varie architetture grottesche in campo rosso, e fra queste vi sono espresse de' carri con dentro degli stromenti […].
21 Settembre [1771] – Si sono fatte tagliare da Canart le pitture della stessa abitazione fuori la Porta della città, accennata nel rapporto dei 7 del corrente mese, che sono le seguenti. [...] 2. Di simile dimensione, esprime un carro con una lira ed un panno, tirato da due grifi alati»"
FR 030,170.0,Missing Value,Missing Value,Missing Value,Missing Value,Missing Value,Missing Value,Missing Value,Missing Value,Missing Value,Missing Value,Missing Value,Missing Value,Missing Value,Missing Value,Missing Value,"I,2, Addenda, p. 157 ","«7 Settembre [1771] – N. 22 pianta di La Vega. Stanza dipinta in detta casa pseudourbana. Le pitture sono descritte nel rapporto che segue, de' 21 del corrente mese.
[...]
21 Settembre [1771] – N. 22 pianta di La Vega. Pitture. [...] Carro di Apollo»"
FR 031,171.0,Villa di Diomede,Missing Value,Missing Value,24-25,22,Missing Value,"fuori Porta di Ercolano,
lato Ovest",7,Settembre,1771,Missing Value,Roque Joaquín de Alcubierre,Missing Value,Missing Value,Missing Value,"I,1, pp. 258, 260","«7 Settembre [1771] – Si è continuato lo scavo nella solita abitazione fuori della città, ove si è scoverta una stanza con varie architetture grottesche in campo rosso, e fra queste vi sono espresse de' carri con dentro degli stromenti […].
21 Settembre [1771] – Si sono fatte tagliare da Canart le pitture della stessa abitazione fuori la Porta della città, accennata nel rapporto dei 7 del corrente mese, che sono le seguenti. 1. Di pal. 1 ed on. 5 1/2 per on. 11 con un carro, che ha dentro un turcasso ed una corona, e vicino vi restano due cervi»"
FR 031,171.0,Missing Value,Missing Value,Missing Value,Missing Value,Missing Value,Missing Value,Missing Value,Missing Value,Missing Value,Missing Value,Missing Value,Missing Value,Missing Value,Missing Value,Missing Value,"I,2, Addenda, p. 157 ","«7 Settembre [1771] – N. 22 pianta di La Vega. Stanza dipinta in detta casa pseudourbana. Le pitture sono descritte nel rapporto che segue, de' 21 del corrente mese.
[...]
21 Settembre [1771] – N. 22 pianta di La Vega. Pitture. Carro di Diana»"
FR 032,172.0,Missing Value,Missing Value,Missing Value,Missing Value,Missing Value,Missing Value,Missing Value,Missing Value,Missing Value,Missing Value,Missing Value,Missing Value,La provenienza pompeiana è incerta,Missing Value,Missing Value,Missing Value,Missing Value
FR 033,173.0,Missing Value,Missing Value,Missing Value,Missing Value,Missing Value,Missing Value,Missing Value,Missing Value,Missing Value,Missing Value,Missing Value,Missing Value,Nessun dato di scavo è disponibile per questo reperto,Missing Value,Missing Value,Missing Value,Missing Value
FR 034,174.0,Missing Value,Missing Value,Missing Value,Missing Value,Missing Value,Missing Value,Missing Value,27,Settembre,1799,Missing Value,Missing Value,Missing Value,Missing Value,Missing Value,Missing Value,Missing Value
FR 035,175.0,Missing Value,Missing Value,Missing Value,Missing Value,Missing Value,Missing Value,Missing Value,27,Settembre,1799,Missing Value,Missing Value,Missing Value,Missing Value,Missing Value,Missing Value,Missing Value
FR 036,176.0,Missing Value,Missing Value,Missing Value,Missing Value,Missing Value,Missing Value,Missing Value,27,Settembre,1799,Missing Value,Missing Value,Missing Value,Missing Value,Missing Value,Missing Value,Missing Value
FR 037,177.0,Missing Value,Missing Value,Missing Value,Missing Value,Missing Value,Missing Value,Missing Value,Missing Value,Missing Value,Missing Value,Missing Value,Missing Value,Nessun dato di scavo è disponibile per questo reperto,Missing Value,Missing Value,Missing Value,Missing Value
FR 038,178.0,Bottega,VI,8,4 (?) / 6 (?),Missing Value,Missing Value,Missing Value,6,Maggio ,1825,Michele Arditi,Antonio Bonucci,Missing Value,Napoli ASMANN,"III C5, 8","II,4, p. 131","«7 Maggio [1825] – L'operazione dello scavo qui si continua tanto nello scoprire l'antico casamento, posto alle spalle della nota nobile abitazione, quanto nel terminarsi di disterrare alcuni luoghi annessi alla medesima, ne' quali il giorno 6 venerdì si rinvennero i seguenti oggetti. Bronzo. Un candelabro tutto intero, e ben conservato, meno che la sua coppa, che si è trovata distaccata»"
FR 039,179.0,Casa del Poeta Tragico,VI,8,3; 5,14,Missing Value,Cubiculum,12,Aprile,1825,Michele Arditi,Antonio Bonucci,Missing Value,Napoli ASMANN,"III C5, 8","II,4, p. 129","«13 Aprile [1825] – La nota casa di recente qui scoperta di rincontro allo stabilimento creduto di antiche Terme, non cessa nel terminarsi il suo intero scoprimento, di manifestare degli oggetti diversi pregevoli ed interessanti. Ieri martedì giorno 12 del corrente, nel disterrarsi il pavimento di uno stanzino a sinistra del secondo atrio con peristilio della medesima, si rinvenne un bellissimo candelabro di bronzo tutto perfettamente conservato, avendo semplicemente la cimasa, ossia la coppa distaccata»"
FR 039,179.0,Missing Value,Missing Value,Missing Value,Missing Value,Missing Value,Missing Value,Missing Value,Missing Value,Missing Value,Missing Value,Missing Value,Missing Value,Missing Value,Missing Value,Missing Value,"III, p. 60  ","«12 Aprile [1825] – In detto giorno si portarono su dei scavi tutti gli Accademici delle Belle arti del Real Museo, ed in loro presenza fu disterrata la quinta stanzolina sul lato sinistro dell'ingresso della descritta abitazione con la dipintura, ove si rinvenne. Bronzo. Un bellissimo candelabro con coppe e basi dissaldate, di altezza pal. 5 1/2»"
FR 040,180.0,Missing Value,Missing Value,Missing Value,Missing Value,Missing Value,Missing Value,Missing Value,17,Maggio,1822,Michele Arditi,Antonio Bonucci,Missing Value,Napoli ASMANN,"III C5, 8",Missing Value,Missing Value
FR 041,181.0,Missing Value,Missing Value,Missing Value,Missing Value,Missing Value,Missing Value,Missing Value,10,Giugno,1823,Michele Arditi,Antonio Bonucci,Missing Value,Napoli ASMANN,"III C5, 8",Missing Value,Missing Value
FR 042,182.0,Missing Value,Missing Value,Missing Value,Missing Value,Missing Value,Missing Value,Missing Value,13,Dicembre,1819,Michele Arditi,Antonio Bonucci,Missing Value,Napoli ASMANN,"III C5, 8",Missing Value,Missing Value
FR 043,183.0,Missing Value,Missing Value,Missing Value,Missing Value,Missing Value,Missing Value,Missing Value,4,Luglio,1822,Michele Arditi,Antonio Bonucci,Missing Value,Napoli ASMANN,"III C5, 8",Missing Value,Missing Value
FR 044,184.0,Missing Value,Missing Value,Missing Value,Missing Value,Missing Value,Missing Value,Missing Value,Missing Value,Missing Value,ante 1821 (?),Missing Value,Missing Value,Missing Value,Missing Value,Missing Value,Missing Value,Missing Value
FR 045,185.0,Missing Value,Missing Value,Missing Value,Missing Value,Missing Value,Missing Value,Missing Value,Missing Value,Missing Value,ante 1821 (?),Missing Value,Missing Value,Missing Value,Missing Value,Missing Value,Missing Value,Missing Value
FR 046,186.0,Missing Value,Missing Value,Missing Value,Missing Value,Missing Value,Missing Value,Missing Value,Missing Value,Missing Value,Missing Value,Missing Value,Missing Value,Nessun dato di scavo è disponibile per questo reperto,Missing Value,Missing Value,Missing Value,Missing Value
FR 047,187.0,Missing Value,Missing Value,Missing Value,Missing Value,Missing Value,Missing Value,Missing Value,Missing Value,Missing Value,Missing Value,Missing Value,Missing Value,Nessun dato di scavo è disponibile per questo reperto,Missing Value,Missing Value,Missing Value,Missing Value
FR 048,188.0,Missing Value,Missing Value,Missing Value,Missing Value,Missing Value,Missing Value,Missing Value,Missing Value,Missing Value,ante 1821 (?),Missing Value,Missing Value,Missing Value,Missing Value,Missing Value,Missing Value,Missing Value
GB 001,189.0,Casa del Leone,VI,17,23-26,Missing Value,Missing Value,Missing Value,10,Luglio,1783,Missing Value,Francesco La Vega,Missing Value,Missing Value,Missing Value,"I,2, p. 16","«10 Luglio [1783] – Si è scoverta nella tonaca d'una stanza una pittura che esprime tre figure, una d'uomo con una donna, che sonando l'arpa gli siede in seno, e l'altra par di donna in atto di ammirazione. L'intero quadro è di pal. 2 3/4 per pal. 4 10/12»"
GB 001,189.0,Missing Value,Missing Value,Missing Value,Missing Value,Missing Value,Missing Value,Missing Value,Missing Value,Missing Value,Missing Value,Missing Value,Missing Value,Missing Value,Missing Value,Missing Value,"I,2, Addenda, p. 164","«10 Luglio [1783] – Pittura rinvenuta in una stanza di un'abitazione, lungo la strada principale di Pompei, sul ciglio della collina» [cfr. PAGANO 1997, p. 76 (12 luglio 1783)] "
GB 002,190.0,Missing Value,Missing Value,Missing Value,Missing Value,Missing Value,Missing Value,Missing Value,Missing Value,Missing Value,1812,Michele Arditi,Pietro La Vega,Missing Value,Missing Value,Missing Value,Missing Value,Missing Value
GB 003,191.0,Missing Value,Missing Value,Missing Value,Missing Value,Missing Value,Missing Value,Missing Value,Missing Value,Missing Value,Missing Value,Missing Value,Missing Value,Nessun dato di scavo è disponibile per questo reperto,Missing Value,Missing Value,Missing Value,Missing Value
GB 004,192.0,Missing Value,Missing Value,Missing Value,Missing Value,Missing Value,Missing Value,Missing Value,Missing Value,Missing Value,Missing Value,Missing Value,Missing Value,La provenienza pompeiana è incerta,Missing Value,Missing Value,Missing Value,Missing Value
GB 005,193.0,Missing Value,Missing Value,Missing Value,Missing Value,Missing Value,Missing Value,Missing Value,Missing Value,Missing Value,Missing Value,Missing Value,Missing Value,Nessun dato di scavo è disponibile per questo reperto,Missing Value,Missing Value,Missing Value,Missing Value
GB 006,194.0,Casa di Championnet I,VIII,2,1-2,d,Missing Value,Triclinium,Missing Value,Febbraio-Aprile (?),1799,Missing Value,Mattia Zarrillo,Missing Value,Missing Value,Missing Value,Missing Value,Missing Value
GB 007,195.0,Casa di Championnet I,VIII,2,1-2,d,Missing Value,Triclinium,Missing Value,Febbraio-Aprile (?),1799,Missing Value,Mattia Zarrillo,Missing Value,Missing Value,Missing Value,Missing Value,Missing Value
GB 008,196.0,Missing Value,Missing Value,Missing Value,Missing Value,Missing Value,Missing Value,Missing Value,Missing Value,Missing Value,Missing Value,Missing Value,Missing Value,Nessun dato di scavo è disponibile per questo reperto,Missing Value,Missing Value,Missing Value,Missing Value
GB 009,197.0,Missing Value,Missing Value,Missing Value,Missing Value,Missing Value,Missing Value,Missing Value,Missing Value,Missing Value,Missing Value,Missing Value,Missing Value,Nessun dato di scavo è disponibile per questo reperto,Missing Value,Missing Value,Missing Value,Missing Value
GB 010,198.0,Porta di Nola,Missing Value,Missing Value,Missing Value,Missing Value,Lato Sud,"immediatamente a sinistra della chiave di volta con testa di Minerva in rilievo,
nel lato verso la città ",30-4,Maggio-Giugno,1813,Michele Arditi,Pietro La Vega,"Rinvenuta in posizione di reimpiego pre-79 d.C., presumibilmente riutilizzata in modo tale da rinforzare l'arco della porta",Missing Value,Missing Value,"I,3, p. 113","«5 Giugno [1813] – [...] Si è fatigato ancora alla porta della città, che resta alla parte di settentrione, ed a questa, all'arco che guarda dalla parte interna, alla chiave dell'arco, si è trovata situata una testa di tufo, molto degradata, e dalla parte sinistra di questa vi resta un marmo lungo pal. 2, alto pal. 1 1/6 colla seguente iscrizione etrusca o osca: V · PÚPIDIIS · V / MED · TÚV / AAMANAFFED / ÍSÍDU / PRÚFATTED  [traslitterazione della trascrizione in caratteri osci]»"
GB 010,198.0,Missing Value,Missing Value,Missing Value,Missing Value,Missing Value,Missing Value,Missing Value,Missing Value,Missing Value,Missing Value,Missing Value,Missing Value,Missing Value,Missing Value,Missing Value,"I,3, Addenda, p. 270","«5 Giugno [1813] – [...] Alla Porta della città a settentrione, testa scolpita nel tufo, nella chiave del suo arco, ed accanto iscrizione osca»"
GB 011,199.0,Missing Value,Missing Value,Missing Value,Missing Value,Missing Value,Missing Value,Missing Value,Missing Value,Missing Value,Missing Value,Missing Value,Missing Value,Nessun dato di scavo è disponibile per questo reperto,Missing Value,Missing Value,Missing Value,Missing Value
GB 012,200.0,Missing Value,Missing Value,Missing Value,Missing Value,Missing Value,Missing Value,Missing Value,Missing Value,Missing Value,Missing Value,Missing Value,Missing Value,La provenienza pompeiana è incerta,Missing Value,Missing Value,Missing Value,Missing Value
GB 013,201.0,Missing Value,Missing Value,Missing Value,Missing Value,Missing Value,Missing Value,Missing Value,Missing Value,Missing Value,ante 1822 (?),Missing Value,Missing Value,Missing Value,Missing Value,Missing Value,Missing Value,Missing Value
GB 014,202.0,Missing Value,Missing Value,Missing Value,Missing Value,Missing Value,Missing Value,Missing Value,Missing Value,Missing Value,ante 1822 (?),Missing Value,Missing Value,Missing Value,Missing Value,Missing Value,Missing Value,Missing Value
GB 015,203.0,Missing Value,Missing Value,Missing Value,Missing Value,Missing Value,Missing Value,Missing Value,Missing Value,Missing Value,ante 1822 (?),Missing Value,Missing Value,Missing Value,Missing Value,Missing Value,Missing Value,Missing Value
GB 016,204.0,Missing Value,Missing Value,Missing Value,Missing Value,Missing Value,Missing Value,Missing Value,Missing Value,Missing Value,ante 1822 (?),Missing Value,Missing Value,Missing Value,Missing Value,Missing Value,Missing Value,Missing Value
GB 017,205.0,Missing Value,Missing Value,Missing Value,Missing Value,Missing Value,Missing Value,Missing Value,Missing Value,Missing Value,ante 1822 (?),Missing Value,Missing Value,Missing Value,Missing Value,Missing Value,Missing Value,Missing Value
GB 018,206.0,Missing Value,Missing Value,Missing Value,Missing Value,Missing Value,Missing Value,Missing Value,Missing Value,Missing Value,Missing Value,Missing Value,Missing Value,Nessun dato di scavo è disponibile per questo reperto,Missing Value,Missing Value,Missing Value,Missing Value
GB 019,207.0,Casa della Calce (?),VIII,5,28-29; 34-35,Missing Value,Missing Value,Missing Value,11,Aprile,1815,Michele Arditi,Antonio Bonucci,Missing Value,Missing Value,Missing Value,"I,3, Addenda, p. 274",«11 Aprile [1815] – (Oggetti trovati il dì 11 aprile in presenza di S. M. la Regina) Bronzo. Due idoletti» (?)
GB 019,207.0,Missing Value,Missing Value,Missing Value,Missing Value,Missing Value,Missing Value,Missing Value,Missing Value,Missing Value,Missing Value,Missing Value,Missing Value,Missing Value,Missing Value,Missing Value,"III, p. 3","«11 Aprile [1815] – In detto giorno si portò su dei scavi S. M. la Regina, ed in sua presenza furono disterrate due abbitazioni, che restano su la dritta della strada, che dal Foro porta (strada dei mercanti) ai Teatri, ove si rinvennero li seguenti oggetti. Bronzo. Due idoletti» (?)"
GB 020,208.0,Missing Value,Missing Value,Missing Value,Missing Value,Missing Value,Missing Value,Missing Value,Missing Value,Missing Value,Missing Value,Missing Value,Missing Value,Nessun dato di scavo è disponibile per questo reperto,Missing Value,Missing Value,Missing Value,Missing Value
GB 021,209.0,Missing Value,Missing Value,Missing Value,Missing Value,Missing Value,Missing Value,Missing Value,Missing Value,Missing Value,Missing Value,Missing Value,Missing Value,Nessun dato di scavo è disponibile per questo reperto,Missing Value,Missing Value,Missing Value,Missing Value
GB 022,210.0,Missing Value,Missing Value,Missing Value,Missing Value,Missing Value,Missing Value,Missing Value,Missing Value,Missing Value,Missing Value,Missing Value,Missing Value,La provenienza pompeiana è incerta,Missing Value,Missing Value,Missing Value,Missing Value
GB 023,211.0,Missing Value,Missing Value,Missing Value,Missing Value,Missing Value,Missing Value,Missing Value,Missing Value,Missing Value,Missing Value,Missing Value,Missing Value,La provenienza pompeiana è incerta,Missing Value,Missing Value,Missing Value,Missing Value
GB 024,212.0,Missing Value,Missing Value,Missing Value,Missing Value,Missing Value,Missing Value,Missing Value,Missing Value,Missing Value,Missing Value,Missing Value,Missing Value,Nessun dato di scavo è disponibile per questo reperto,Missing Value,Missing Value,Missing Value,Missing Value
GB 025,213.0,Missing Value,Missing Value,Missing Value,Missing Value,Missing Value,Missing Value,Missing Value,Missing Value,Missing Value,Missing Value,Missing Value,Missing Value,Nessun dato di scavo è disponibile per questo reperto,Missing Value,Missing Value,Missing Value,Missing Value
GB 026,214.0,Missing Value,Missing Value,Missing Value,Missing Value,Missing Value,Missing Value,in una volta arcuata,Missing Value,Missing Value,ante 1777 (?),Missing Value,Missing Value,Missing Value,Missing Value,Missing Value,Missing Value,Missing Value
RU 001,215.0,Missing Value,Missing Value,Missing Value,Missing Value,Missing Value,Missing Value,in una domus (?),Missing Value,Missing Value,1825 (?),Missing Value,Missing Value,Missing Value,Missing Value,Missing Value,Missing Value,Missing Value
RU 002,216.0,Missing Value,Missing Value,Missing Value,Missing Value,Missing Value,Missing Value,in una domus (?),Missing Value,Missing Value,1825 (?),Missing Value,Missing Value,Missing Value,Missing Value,Missing Value,Missing Value,Missing Value
RU 003,217.0,Missing Value,Missing Value,Missing Value,Missing Value,Missing Value,Missing Value,in una domus (?),Missing Value,Missing Value,1825 (?),Missing Value,Missing Value,Missing Value,Missing Value,Missing Value,Missing Value,Missing Value
RU 004,218.0,Casa del Re di Prussia,VII,9,33-34,Missing Value,Missing Value,Missing Value,27,Novembre,1822,Michele Arditi,Antonio Bonucci,"Edificio noto poi anche – più correttamente – come Caupona di Donatus e Verpus (VII 9, 33-34)",Napoli ASN,"Ministero degli Affari Interni, Inventario II, “Antichità e belle arti”, b. 1978, fasc. 29","II,4, pp. 64-65","«28 Novembre [1822] – Gli oggetti che furono ieri rinvenuti nello scavo di una antica abitazione, eseguito alla presenza di Sua Maestà Prussiana, […] furono i seguenti. Bronzo. […] Una lanterna rotta in più pezzi ed alcuni mancanti»"
RU 004,218.0,Missing Value,Missing Value,Missing Value,Missing Value,Missing Value,Missing Value,Missing Value,Missing Value,Missing Value,Missing Value,Missing Value,Missing Value,Missing Value,Missing Value,Missing Value,"III, p. 34","«27 Novembre [1822] – In detto giorno si portò su dei scavi S.M. il Re di Prussia, ed in sua presenza fu disterrata la prima abitazione, che resta su la sinistra della strada da dietro il Calcidico, e proprio ove si vede il quadretto osceno, munito da stipetto, ove si rinvennero li seguenti oggetti. Bronzo. [...] Un'aretta rotta»   "
Missing Value,Missing Value,Missing Value,Missing Value,Missing Value,Missing Value,Missing Value,Missing Value,Missing Value,Missing Value,Missing Value,Missing Value,Missing Value,Missing Value,Missing Value,Missing Value,Missing Value,Missing Value,Missing Value
